lon,taken_at,updated_at,internal_category,tags,views,owner_realname,photo_id,lat,owner,photopage_url
51.677584,2006-12-22 12:07:33,2010-09-09 03:16:50,iran,"iran,minaret,islam,persia,iranian,ایران,esfahan,isfahan,اصفهان,مسجد,پرنده,ایرانی,اسلام,منار,پرواز,آزادی,aliehs,alieh,abigfave,ایرانیان,پرشیا,عالیه",3544,Alieh Saadatpour,336059320_e69df82246.jpg,32.654714,54722749@N00,http://www.flickr.com/photos/alieh/336059320/
51.385835,2007-11-23 15:18:50,2010-09-09 18:41:27,iran,"bridge,blue,sky,tower,highway,iran,tehran,dri,hdr,milad,ميلاد,برج,multiexposure,تهران,میلاد,telecommuncation",19922,Hamed Saber,2066579170_c65d4f365e.jpg,35.741322,44124425616@N01,http://www.flickr.com/photos/hamed/2066579170/
51.68577,2007-09-28 13:46:37,2010-08-28 07:56:08,iran,"color,art,geometric,wall,architecture,painting,persian,paint,pattern,iran,persia,iranian,ایران,esfahan,oldcity,islamic,isfahan,اصفهان,ایرانی,اسلامی,هنر,سقف,معماری,hamzeh,نقاشی,avision,imamzadeh,karbasi,hamzehkarbasi,دیوار,حمزه,کرباسی,اصفهانی,isfahanian,حمزهکرباسی,thebestofday,gününenİyisi,imamzadehismael,امامزادهاسماعیل,213flickrexplore",6454,Hamzeh Karbasi Zadeh,2229278612_ca4344082a.jpg,32.663222,53047624@N00,http://www.flickr.com/photos/hamzeh/2229278612/
51.201405,2008-07-11 06:30:06,2010-08-15 01:25:07,iran,"blue,sky,cloud,sun,west,green,nature,view,iran,taxi,sony,structure,greens,tehran,ایران,hdr,highdynamicrange,نور,cloudysky,samand,h9,درخت,تهران,سبز,ساختمان,niayesh,نیایش,mehrad,آسمان,تاکسی,ایرانیان,سمند,خورشید,iranianpeople,مهراد,اشعه,اتوبان,mehradhm,اشرفیاصفهانی,تیرچراغبرق,cloudyskytehran,skytehran,اتوباننیایش,تشعشع,اینبالاییخندهدارهنه,viewoftehran,httpwwwflickrcomgroupsiranianpeople,groupsiranianpeople",13770,Mehrad Heidari Monfared,2661013072_b93a59276f.jpg,35.461399,14535004@N04,http://www.flickr.com/photos/mehradhm/2661013072/
51.678743,2007-01-29 01:30:59,2010-08-10 10:55:16,iran,"light,window,silhouette,architecture,dance,flickr,pattern,iran,mosque,explore,ایران,esfahan,oldcity,نور,isfahan,اصفهان,مسجد,نقش,naghshejahan,رقص,شیخ,hamzeh,نقوش,karbasi,lutfollah,حمزه,ضدنور,کرباسی,شیخلطفالله,sheykhlotfolah,reyhaneh,322onflickrexplore,سیاهه",14107,Hamzeh Karbasi Zadeh,2327646374_f8c7ec6d7e.jpg,32.657442,53047624@N00,http://www.flickr.com/photos/hamzeh/2327646374/
51.674365,2007-07-09 18:16:48,2010-09-04 18:02:23,iran,"sunset,sky,cloud,beauty,persian,iran,persia,mosque,iranian,ایران,esfahan,isfahan,اصفهان,مسجد,غروب,ایرانی,ابر,پشت,آسمان,hamzeh,hakimmosque,aliehs,alieh,abigfave,ایرانیان,karbasi,بام,عالیه,اصفهانی,مسجدحکیم,پشتبام,welldone123",3135,Alieh Saadatpour,770675119_5b6e469dd4.jpg,32.663277,54722749@N00,http://www.flickr.com/photos/alieh/770675119/
51.379065,2007-12-17 11:46:49,2010-07-27 10:03:58,iran,"motion,reflection,building,tower,rain,sepia,clouds,truck,highway,iran,tehran,ایران,milad,miladtower,برج,تهران,میلاد,hemmat,همت,بزرگراه",17991,Hamed Saber,2120544345_6d6840bcce.jpg,35.750017,44124425616@N01,http://www.flickr.com/photos/hamed/2120544345/
-113.510742,2008-03-04 14:59:41,2010-09-19 13:19:06,iran,"food,canada,dinner,lunch,cuisine,persian,edmonton,iran,persia,eat,to,iranian,tehran,2008,cuisines,persianfood,readytoeat,persiancuisine,مرصع,پلو,مرصعپلو",7267,Mohammadali f.,2311703572_823814acd2.jpg,53.553362,93154619@N00,http://www.flickr.com/photos/mfakheri/2311703572/
51.676297,2008-01-18 13:12:20,2010-05-18 02:38:18,iran,"architecture,persian,hand,iran,persia,mosque,muharram,iranian,ایران,esfahan,isfahan,ashoura,اصفهان,مسجد,ایرانی,عاشورا,دست,محرم,تاسوعا,میدان,aliehs,alieh,ایرانیان,میداننقشجهان,پرشیا,سیاهسفید,tasoua,عالیه,yahussein,مسجدجامععباسی,اصفهانی,ظهرعاشورا",2858,Alieh Saadatpour,2207219374_5f53dcbba7.jpg,32.656791,54722749@N00,http://www.flickr.com/photos/alieh/2207219374/
51.460111,2007-09-27 20:51:20,2010-09-09 18:33:01,iran,"red,orange,flower,green,frutas,rose,yellow,persian,interestingness,lemon,hands,strawberry,iran,pray,eid,fast,persia,banana,holy,saber,jelly,iranian,tehran,melon,ایران,hamed,ramadhan,fitr,iftar,ramazan,farsi,عيد,ايران,تهران,حامد,مبروك,flickrexplore,مبارك,رمضان,eftar,fetr,فطر,فارسی,ايراني,فارسي,ايرانيان,حامدصابر,صابر,ایرانیان,پرشيا,پرشیا",74084,Hamed Saber,1552383685_56e2ae46c7.jpg,35.820523,44124425616@N01,http://www.flickr.com/photos/hamed/1552383685/
51.416863,2007-09-19 20:14:31,2010-08-05 23:20:51,iran,"night,dinner,iran,ceremony,fast,gathering,tehran,ramadan,groupshot,flickrmeetup,ramazan,تهران,رمضان,eftar,صوم,روزه,افطار,flickr:user=hamedsaber,sararestaurant,kishbazar,upcoming:event=266085",8076,Hamed Saber,1414273932_353fcc9b23.jpg,35.762132,44124425616@N01,http://www.flickr.com/photos/hamed/1414273932/
45.471216,2008-08-01 07:56:28,2010-09-04 13:03:08,iran,"sea,lake,reflection,nature,salt,saltlake,tabriz,عکس,آب,orumieh,urmia,انعکاس,نمک,انسان,دریا,دریاچه,urmialake,ارومیه,orumie,ایرانیان,آذربایجان,تبریز,گردهمایی,بازتاب,oroomie,آذربایجانغربی,آذربایجانشرقی,دریاچهارومیه,رفلکشن,oroomieh,دریاچهءنمک,دریاچهزیبایارومیه,رفلکت,upcoming:event=911302,دریاچهیارومیه,دریاچهنمک,دریاچهینمک,دریاچهءارومیه,orumiehlake,orumiehsaltlake,gatheinrg,دریاچهقشنگ,دریاچهزیبا,دریاچهقشنگارومیه",20169,Mehrad Heidari Monfared,2725631582_07f0edd5ae.jpg,37.3016,14535004@N04,http://www.flickr.com/photos/mehradhm/2725631582/
51.251859,2008-06-06 09:20:33,2010-07-25 14:21:39,iran,"pictures,street,city,bridge,blue,tree,green,tower,nature,landscape,highway,iran,pics,sony,capital,picture,bluesky,pic,greens,tehran,curve,ایران,superhighway,hdr,highdynamicrange,clearsky,milad,teheran,پارک,miladtower,h9,درخت,تهران,سبز,شهر,ساعت,خیابان,درختان,modarres,آسمان,آبی,hemmat,سبزه,بانک,ایرانیان,بزرگ,سمند,iranianpeople,sonyh9,پارکطالقانی,برجمیلاد,dsch9,پایتخت,تقاطع,آسمانآبی,اتوبان,mehradhm,هوایتمیز,اتوبانهمت,تقاطعهمتمدرس,منحنی,thechnicolor,آسمانزیبا,بزرگترینساعت,تهرانمخوف,modarreshemmatjunction,اتوبانمدرس,ساعتبزرگ,بانککشاورزی,httpwwwflickrcomgroupsiranianpeople,groupsiranianpeople",29259,Mehrad Heidari Monfared,2558816592_34e09f5bfc.jpg,35.45151,14535004@N04,http://www.flickr.com/photos/mehradhm/2558816592/
51.464864,2006-06-19 15:24:15,2010-05-03 07:57:03,iran,"park,friends,geotagged,ir,persian,interestingness,flickr,meetup,iran,persia,saber,gathering,iranian,tehran,ایران,groupshot,hamed,flickrmeetup,jamshidieh,interestingness2,farsi,ايران,تهران,flickrites,حامد,flickies,flickrexplore,فارسی,ايراني,فارسي,ايرانيان,حامدصابر,صابر,ایرانیان,پرشيا,پرشیا,geo:lon=51464939,geo:lat=35826442,flickr:user=hamedsaber",23440,Hamed Saber,168305420_b8ff98eb52.jpg,35.826716,44124425616@N01,http://www.flickr.com/photos/hamed/168305420/
51.420071,2007-07-31 15:09:43,2010-06-08 09:09:45,iran,"polarpanorama,polar,panorama,fisheye,flickrmeetup,meetup,gathering,golestan,palace,empty,pool,round,circle,sphere,پرشیا,پرشيا,فارسی,فارسي,ايران,ايراني,ايرانيان,ایران,حامدصابر,ایرانیان,حامد,صابر,saber,persian,iran,persia,iranian,hamed,farsi,upcoming:event=223329,cd,tehran,تهران",17265,Hamed Saber,962315433_1cdbb31cbe.jpg,35.680245,44124425616@N01,http://www.flickr.com/photos/hamed/962315433/
51.472299,2007-07-06 12:47:48,2010-04-19 12:23:32,iran,"reflection,sorry,geotagged,mirror,iso200,persian,meetup,iran,persia,reflect,saber,gathering,pavilion,iranian,tehran,ahmad,ایران,hamed,farsi,ايران,تهران,qajar,niavaran,حامد,kushk,badquality,dontworry,flickrgathering,wrongiso,فارسی,ايراني,itsasony,فارسي,ايرانيان,kushak,حامدصابر,صابر,ایرانیان,پرشيا,پرشیا,itsnotyourfault,ahmadshah,qadjar,upcoming:event=214803",6445,Hamed Saber,738624865_22b2752f95.jpg,35.81191,44124425616@N01,http://www.flickr.com/photos/hamed/738624865/
51.424459,2007-08-11 11:18:22,2010-04-17 01:05:42,iran,"pool,persian,iran,persia,saber,gathering,iranian,tehran,ایران,groupshot,hamed,flickrmeetup,farsi,ايران,تهران,حامد,flickies,فارسی,ايراني,فارسي,ايرانيان,حامدصابر,صابر,ایرانیان,پرشيا,پرشیا,artmuseumgarden,flickr:user=hamedsaber,flickr:user=somayeht,flickr:user=mojtabaa,flickr:user=monazah,flickr:user=kiana,flickr:user=amy56,flickr:user=nargeskh,flickr:user=nahidyoussefi,flickr:user=mina,flickr:user=rahaa110,flickr:user=fatemeha,flickr:user=sara,flickr:user=paeezeh,upcoming:event=236257,flickr:user=hoomanmesgary,flickr:user=rezamohajerin,flickr:user=mohammadhossein,flickr:user=monsoonv,flickr:user=nedasta,flickr:user=sarak,flickr:user=raouf,flickr:user=zahralomer,flickr:user=ailars,flickr:user=deathlessness,flickr:user=khodayar,flickr:user=mahsaday,flickr:user=sorrenta,flickr:user=|||fayiza|,flickr:user=ahmadmotalaeivista,flickr:user=alireza2007,flickr:user=ddmmyyyy",9651,Hamed Saber,1083010927_1288f5d179.jpg,35.800572,44124425616@N01,http://www.flickr.com/photos/hamed/1083010927/
51.671748,2007-05-01 11:47:20,2010-07-16 18:42:16,iran,"wall,composite,painting,asia,iran,paintings,columns,middleeast,persia,palace,ceiling,40,psd,mainhall,pillars,esfahan,fresco,0704,isfahan,forty,frescos,frescoes,اصفهان,ايران,safavid,chel,robale,chehel,sotoun,sotoon,sotun,چهلستون,supersix,frhwofavs,youngrobv,shahabbasii,csevpsd",29328,"",905050412_0cae55b2a3.jpg,32.6575,7388060@N08,http://www.flickr.com/photos/youngrobv/905050412/
51.681318,2007-07-22 01:42:18,2010-08-05 23:41:50,iran,"history,architecture,book,interestingness,poem,iran,library,islam,literary,culture,philosophy,historic,explore,iranian,ایران,esfahan,cultural,itinerary,islamic,isfahan,اصفهان,خانه,کتاب,گلستان,حافظ,اسلام,hamzeh,کتابخانه,تاریخ,فرهنگی,ottomon,karbasi,تاریخی,حمزه,کرباسی,سعدی,andregodar,المیزان,منتهی,الآمال,المعجم,مثنوی,معنوی,آثارایران,آندرهگدار,تاریختمدناسلام,جرجیزیدان,ابنبطوطه,سفرنامه,ناصرخسرو,مولوی,فلسفی,شاهنعمتاللهولی,ظلالسلطان",16941,Hamzeh Karbasi Zadeh,887067255_667472de1b.jpg,32.650875,53047624@N00,http://www.flickr.com/photos/hamzeh/887067255/
51.464864,2007-06-18 11:47:13,2010-08-14 14:11:38,iran,"birthday,park,friends,happy,persian,iran,group,persia,saber,gathering,iranian,tehran,ایران,hamed,flickrmeetup,jamshidieh,farsi,ايران,تهران,حامد,فارسی,ايراني,meetuo,فارسي,ايرانيان,iranianflickrgathering,حامدصابر,صابر,ایرانیان,پرشيا,پرشیا,flickr:user=hamedsaber,flickr:user=somayeht,flickr:user=mojtabaa,flickr:user=~vista,flickr:user=mãhiteshneh,flickr:user=ehsankhakbaz,flickr:user=hessamsamavatian,flickr:user=pegahi,flickr:user=sizif,flickr:user=nargeskh,iranianbirthday,flickr:user=horizon,flickr:user=nahidyoussefi,flickr:user=amin,flickr:user=dariushjamasb,flickr:user=mina,upcoming:event=206199",24476,Hamed Saber,564819621_ae243d3296.jpg,35.826716,44124425616@N01,http://www.flickr.com/photos/hamed/564819621/
,2007-07-17 06:03:01,2010-09-09 10:16:57,pei,"flowers,house,abandoned,princeedwardisland,pei,lupins,maritimes,collapsed,abigfave,artlibre,aplusphoto,goldenphotographer",3028,Irene Suchocki,1247618519_5837df4506.jpg,,37043062@N00,http://www.flickr.com/photos/irenesuchocki/1247618519/
-58.430196,2007-02-04 12:21:59,2010-08-05 14:06:57,pei,"pancho,tapete,sharpei,pei,shar,duetos,flickrchallengewinner,alfombrita",2496,Javier Tenembaum,381996668_addee1d871.jpg,-34.608941,91721134@N00,http://www.flickr.com/photos/javo-/381996668/
,2007-09-22 09:16:42,2010-06-01 13:45:44,pei,"paris,france,museum,architecture,louvre,chinese,musée,m,explore,architect,staircase,curved,pei,impei,nogginnogged",4555,"",1478646248_0f5c6316d6.jpg,,7232802@N06,http://www.flickr.com/photos/noggin_nogged/1478646248/
2.335731,2008-04-17 00:26:17,2010-09-03 09:25:47,pei,"bw,motion,paris,spiral,blackwhite,movement,stair,pyramid,louvre,walk,staircase,pei,modernarchitecture,ascending,decending,superaplus,aplusphoto,elijahnorthen,thebestcityshots",1045,Eli,2529535313_163b20bd3f.jpg,48.861143,9412989@N04,http://www.flickr.com/photos/elinorthen/2529535313/
2.336182,2005-09-16 18:24:50,2010-07-30 21:19:16,pei,"sky,bw,paris,reflection,topf25,glass,architecture,clouds,topf50,topf75,pyramid,louvre,wide,d70s,symmetry,converted,topf100,pei,sigma1020mm,asymmery,expo0701bl6,expo0701bl,expo0701",6885,Nathan Kendall,196962881_4f837bebdc.jpg,48.861108,75711873@N00,http://www.flickr.com/photos/alternate/196962881/
,2009-09-19 21:28:32,2010-08-08 00:23:28,pei,"sf,tongue,with,fig,action,warhol,pei,greenapple,preset,nikkor50mmf14,nikond300,headcoverish",3241,Cindy,3946064621_fae1de79a3.jpg,,37451064@N00,http://www.flickr.com/photos/cloughridge/3946064621/
-3.687887,2010-05-29 12:56:53,2010-09-16 04:52:02,pei,"madrid,city,urban,water,glass,architecture,spain,towers,pei,ctba,pelli,torredecristal,torreespacio,cuatrotorres",755,David Gutierrez,4683158392_11e1dbeaef.jpg,40.478047,21775664@N07,http://www.flickr.com/photos/davidgutierrez/4683158392/
,2007-06-25 19:59:23,2009-07-30 15:54:06,pei,"sunset,canada,beach,clouds,landscape,searchthebest,dreams,princeedwardisland,isle,soe,panmureisland,panmure,supershot,d80,outstandingshots,flickrsbest,impressedbeauty,wowiekazowie",2776,Phillip Chitwood,635615014_85e7dd616f.jpg,,91251243@N00,http://www.flickr.com/photos/phillipchitwood/635615014/
-63.792071,2008-10-25 10:39:38,2010-08-21 13:26:40,pei,"ocean,canada,water,marina,photoshop,boats,island,harbour,sony,cybershot,prince,edward,princeedwardisland,sailboats,pei,hdr,summerside,cotcmostinteresting,dansnyder,photomatixpro,3exp,mywinners,anawesomeshot,colorphotoaward,photoshopcs3,thatsclassy,dsch50,danrsnyder",789,Dan Snyder,2971754146_9fc71a9cde.jpg,46.389095,14238193@N07,http://www.flickr.com/photos/danrsnyder/2971754146/
114.159864,2010-01-28 18:34:45,2010-09-05 10:10:49,pei,"china,blue,light,building,tower,architecture,modern,night,skyscraper,buildings,geotagged,hongkong,noche,im,nacht,main,central,bank,center,norman,hong,kong,foster,hour,noite,中国,香港,grattacielo,nuit,pei,hsbc,gebäude,notte,nachtaufnahme,impei,bankofchina,wolkenkratzer,cheung,rascacielo,gratteciel,摩天大楼,arranhacéu,中銀大廈,長江集團中心,©allrightsreserved,cheungkongcenter,standardcharteredbank,香港滙豐總行大廈,渣打銀行,mygearandmepremium,thehongkongandshanghaibank,geo:lat=22281117,geo:lon=114159864",1221,Markus Bahlmann,4345145237_be6fcbd964.jpg,22.281117,48646584@N00,http://www.flickr.com/photos/cnmark/4345145237/
2.335821,2009-01-11 06:50:09,2010-09-07 11:35:27,pei,"paris,france,girl,museum,architecture,lumix,bravo,louvre,stairway,panasonic,scala,museo,francia,soe,pei,architettura,ragazza,parigi,curva,damncool,muséedulouvre,scalini,blueribbonwinner,linescurves,littlestories,opl,ieohmingpei,photographia,imagepoetry,fineartphotos,mywinners,abigfave,platinumphoto,superbmasterpiece,goldenphotographer,megashot,ysplix,excellentphotographerawards,flickrelite,theunforgettablepictures,fz18,theperfectphotographer,“damncool”,goldstaraward,ostrellina,picswithsoul,worldtrekker,mastersoflifegallery,spiritofphotography,bestoneframeshortnominee,oneofthegreatestoneframeshortmaker,peachofashot,isco72,goldenart,phvalue,artofimages,francescopallante,unusualviewsperspectives,thedantecircle,thearcadiasociety,bestcapturesaoi",3959,Francesco Pallante,2404385017_a130eedbd6.jpg,48.861014,8806090@N07,http://www.flickr.com/photos/isco72/2404385017/
2.33682,2010-07-18 19:59:43,2010-08-31 13:23:23,pei,"sun,sol,soleil,pyramid,pentax,louvre,bluesky,pyramide,pei,piramide,cielbleu,cieloazul,k10d,0991f3d23cf34a73ab609f550624a11b",477,Eloy Ricárdez Luna,4806275355_22a38df447.jpg,48.860776,25028639@N05,http://www.flickr.com/photos/eloyricardez/4806275355/
13.396774,2008-02-23 12:16:45,2010-08-16 05:33:49,pei,"blue,light,shadow,people,color,building,berlin,topf25,glass,monochrome,museum,architecture,modern,contrast,digital,germany,dark,geotagged,concrete,interestingness,topf50,nikon,women,topf75,europe,photographer,tl,steel,candid,monotone,explore,lea,d200,nikkor,dslr,toned,ming,topf100,mitte,vignette,pei,dhm,members,deutsches,february23,50mmf18,ogm,historisches,interestingness7,ieoh,fav100,i500,utatafeature,manganite,nikonstunninggallery,ipernity,aplusphoto,leadipernity,date:year=2008,february232008,geo:lat=52518703,geo:lon=13396774,date:month=february,format:ratio=32",2354,Thomas Lottermoser,2324097069_810444c086.jpg,52.518703,62328475@N00,http://www.flickr.com/photos/manganite/2324097069/
,2006-08-22 08:50:47,2010-05-23 20:29:59,pei,"new,sunset,en,canada,topf25,beautiful,atardecer,heaven,paradise,quebec,magic,brunswick,most,creation,princeedwardisland,crepusculo,interestingness57,pei,cavendish,italians,confederationbridge,atlanticcoast,i500,anawesomeshot,impressedbeauty,jalca,goldenphotographer,bestsunsetpei",2722,Alex Leon,364724182_0e7972d7dd.jpg,,99456786@N00,http://www.flickr.com/photos/oldperegrine/364724182/
,2007-06-20 20:28:36,2010-04-10 17:45:06,pei,"textura,sand,desert,wind,d70s,morroco,arena,1870mmf3545g,desierto,marruecos,pei,zagora,muted,mutedcolor,colorphotoaward,todaysbestaward,aspect1610,youvegottheeye,elpei,flickrclassique",6122,Pablo Arroyo,807941397_53cc9341d3.jpg,,52847028@N00,http://www.flickr.com/photos/elpei/807941397/
,2007-07-02 20:45:57,2010-07-22 06:18:20,pei,"bridge,canada,clouds,newbrunswick,princeedwardisland,confederation,confederationbridge,supershot,d80,anawesomeshot,excellentscenic",9357,Phillip Chitwood,699335001_780331ab8a.jpg,,91251243@N00,http://www.flickr.com/photos/phillipchitwood/699335001/
,2006-10-07 17:42:41,2010-07-25 08:25:39,pei,"city,urban,storm,green,glass,architecture,modern,skyscraper,dallas,downtown,cloudy,highrise,pei,ninjatune,swivel,classa,tuf,fountainplace,urbanfabric,surfacelot,justinterveen,wwwtheurbanfabriccom,theurbanfabric,urbanfabricphotography",6925,Justin Terveen,280686783_3259659480.jpg,,59136427@N00,http://www.flickr.com/photos/ninjatune/280686783/
,2006-08-27 01:07:12,2010-09-09 19:56:04,pei,"trees,red,sky,cliff,lighthouse,white,canada,green,texture,clouds,fence,pei,personalbest,5photosaday,atlanticprovinces,bej,mywinners,omot,ruralexcellence,citrit,eyejewel,betterthangood,theperfectphotographer,panmureislandlighthouse,artistictreasurechest,visionquality",2768,AJ,3335007367_3b0df53672.jpg,,24925657@N05,http://www.flickr.com/photos/amanda_white_photography/3335007367/
,2003-07-31 04:03:31,2009-10-02 06:41:15,pei,"show,portrait,dog,dogs,closeup,top20animalpix,rally,award,canine,top20dogpix,agility,top20dogpixhalloffame,5bestdogs,dogshow,headshots,obedience,pei,shar,k9,1on1,conformation,interestingness3,i500,judgementday53,explore030306",4870,Traci Murdock,107442965_49783c9cb7.jpg,,43072440@N00,http://www.flickr.com/photos/picturespot/107442965/
,2008-10-07 11:02:43,2010-09-19 08:47:52,pei,"canada,beach,sailboat,umbrella,boat,sand,women,waves,horizon,hats,footprints,dresses,farewell,princeedwardisland,goodbye,waving,20thcentury,auf,pei,1916,adeus,wiedersehen,mccordmuseum,notman,muséemccord,rusticobeach,commons:event=commonground2009",13399,"",2922443488_e2850ca021.jpg,,25786829@N08,http://www.flickr.com/photos/museemccordmuseum/2922443488/
-122.407393,2010-07-18 00:24:15,2010-09-17 09:17:10,sanfrancisco,"sanfrancisco,blue,portrait,rain,backlight,alley,downtown,bokeh,raindrops,rimlight,d90,strobist,waterbokeh,yn460,apollosoftbox,zhewen",8012,"",4803865119_c22e38e454.jpg,37.78998,20789269@N04,http://www.flickr.com/photos/20789269@N04/4803865119/
-122.372481,2010-03-10 22:10:03,2010-09-05 13:55:05,sanfrancisco,"sf,sanfrancisco,california,city,bridge,blue,urban,motion,blur,car,skyline,night,landscape,nikon,treasureisland,suspension,action,dusk,interior,wide,tokina,baybridge,bayarea,eastbay,zoomzoom,80,span,coit,longshutter,mazda3,nimitz,uwa,lightpaint,1116,d300s",13694,Jonathan Fleming,4424301013_0aac907e92.jpg,37.803184,33684889@N06,http://www.flickr.com/photos/jfleming701/4424301013/
-122.476197,2010-03-07 17:51:43,2010-09-09 09:07:40,sanfrancisco,"sf,sanfrancisco,park,portrait,dog,cute,nature,forest,puppy,lost,nikon,tokina,suki,shibainu,sterngrove,sloat,lr3,shibaken,柴犬,sb800,1116,ezy,strobist,sb900,d300s,52weeksfordogs",6746,Jonathan Fleming,4416049968_0ec545f01c.jpg,37.735298,33684889@N06,http://www.flickr.com/photos/jfleming701/4416049968/
-122.485778,2010-02-27 14:00:02,2010-07-25 09:48:13,sanfrancisco,"chile,sanfrancisco,bridge,usa,seascape,canon,landscape,golden,earthquake,gate,pacific,tsunami,5d,2010,mkii,5dmkii",11610,Patrick Smith,4394345242_25b1a59796.jpg,37.826675,7765891@N08,http://www.flickr.com/photos/patrick-smith-photography/4394345242/
-122.426415,2009-11-08 05:43:35,2010-09-13 02:27:50,sanfrancisco,"sanfrancisco,park,red,portrait,pet,cute,animal,japan,puppy,japanese,nikon,wolf,fox,breed,suki,shibainu,pure,noevalley,shibaken,柴犬,sukichan,d300s",2680,Jonathan Fleming,4090731801_2b0aee1421.jpg,37.742222,33684889@N06,http://www.flickr.com/photos/jfleming701/4090731801/
-122.392244,2010-05-04 22:12:39,2010-09-15 20:24:40,sanfrancisco,"sanfrancisco,night,lights,nikon,downtown,skyscrapers,wideangle,tokina,motionblur,freeway,baybridge,lighttrails,1224mm,d90",5605,Matthew Granz,4585701461_ea81e3f5f3.jpg,37.760231,82339538@N00,http://www.flickr.com/photos/mattgranz/4585701461/
-122.372331,2010-01-17 17:21:38,2010-09-08 06:43:23,sanfrancisco,"sanfrancisco,california,longexposure,bridge,usa,rain,canon,oakland,treasureisland,traffic,baybridge,5d,yerbabuena,mkii,5dmkii",13644,Patrick Smith,4285863806_21e106d7c2.jpg,37.803409,7765891@N08,http://www.flickr.com/photos/patrick-smith-photography/4285863806/
-122.396535,2010-07-17 05:57:32,2010-09-19 05:06:22,sanfrancisco,"sf,sanfrancisco,lighting,portrait,dog,cute,project,puppy,japanese,nikon,embarcadero,wireless,week28,nikkor,suki,shibainu,70300mm,vr,afs,cls,pier7,70300,shibaken,柴犬,strobist,sb900,d300s,52weeksfordogs",4440,Jonathan Fleming,4803976982_5835228c2c.jpg,37.798814,33684889@N06,http://www.flickr.com/photos/jfleming701/4803976982/
-122.496646,2010-01-04 06:26:46,2010-09-17 12:28:02,sanfrancisco,"sf,sanfrancisco,sunset,red,sky,dog,cute,beach,night,puppy,japanese,nikon,dusk,flash,1750,wireless,nikkor,suki,shibainu,shiba,tamron,speedlight,vc,strobe,cls,lr3,hotshoe,shibaken,柴犬,sb800,creativelighting,offcamera,strobist,sb900,d300s,52weeksfordogs,lightroom3beta",25367,Jonathan Fleming,4246028907_26a71f213e.jpg,37.697854,33684889@N06,http://www.flickr.com/photos/jfleming701/4246028907/
-122.535623,2010-01-23 17:02:40,2010-09-13 13:09:08,sanfrancisco,"ocean,sanfrancisco,california,longexposure,travel,blue,sunset,sea,sky,usa,seascape,color,reflection,beach,nature,water,clouds,landscape,golden,coast,sand,marine,rocks,colorful,waves,natural,pacific,tripod,shoreline,rocky,wideangle,coastal,shore,lee,marincounty,coastline,ripples,sausalito,beams,gitzo,marinheadlands,goldengaterecreationarea,graduatedneutraldensityfilter,nikkor1735mm,nikond300,markinsm20ballhead,jimpattersonphotography,jimpattersonphotographycom",4907,Jim Patterson,4382853888_dea929ba70.jpg,37.829058,59728669@N00,http://www.flickr.com/photos/jimpatterson/4382853888/
-122.479834,2009-09-14 06:05:49,2010-09-14 13:50:18,sanfrancisco,"sanfrancisco,california,longexposure,travel,sunset,red,wallpaper,vacation,seascape,nature,water,fog,canon,landscape,marin,bayarea,5d,sanfranciscobay,pilings,angelisland,sausalito,mkii",14451,Patrick Smith,3932378373_905e0ec685.jpg,37.848019,7765891@N08,http://www.flickr.com/photos/patrick-smith-photography/3932378373/
-122.535623,2010-01-23 16:47:38,2010-08-30 02:08:18,sanfrancisco,"pictures,ocean,sanfrancisco,california,longexposure,travel,blue,light,sunset,sea,sky,usa,sun,seascape,motion,color,nature,water,clouds,landscape,gold,bay,coast,sand,marine,colorful,waves,natural,pacific,photos,shoreline,scenic,wideangle,coastal,workshop,shore,lee,marincounty,coastline,ripples,rays,sausalito,beams,gitzo,marinheadlands,crepuscular,reallyrightstuff,rodeobeach,remoterelease,goldengaterecreationarea,graduatedneutraldensityfilter,nikond300,markinsm20ballhead,tokina1116mm,jimpattersonphotography,jimpattersonphotographycom,apertureacademy",5497,Jim Patterson,4312847746_dc0b3f9d27.jpg,37.829058,59728669@N00,http://www.flickr.com/photos/jimpatterson/4312847746/
-122.389014,2009-12-05 17:15:52,2010-09-07 20:12:18,sanfrancisco,"sanfrancisco,california,travel,bridge,sunset,vacation,seascape,water,landscape,bay,suspension,baybridge,embarcadero,yerbabuenaisland",9458,Patrick Smith,4177885638_3d901a1247.jpg,37.790955,7765891@N08,http://www.flickr.com/photos/patrick-smith-photography/4177885638/
-122.485831,2009-12-17 17:19:24,2010-09-18 09:05:57,sanfrancisco,"ocean,sanfrancisco,california,city,longexposure,travel,bridge,sunset,sea,vacation,usa,seascape,beach,skyline,landscape,golden,bay,gate,pacific,suspension,coittower,baybridge,seafoam,blacksandbeach",22900,Patrick Smith,4195306519_94d48212f3.jpg,37.826628,7765891@N08,http://www.flickr.com/photos/patrick-smith-photography/4195306519/
-122.604128,2010-06-26 20:24:19,2010-09-07 21:16:03,sanfrancisco,"sanfrancisco,sunset,moon,water,grass,rock,fog,landscape,bay,oak,marin,dirt,moonrise,moonlight,diablo,tamalpais,richmondbridge,sanrafaelbridge,dryseason,baylaurel",10714,Patrick Smith,4788266703_5600676e9e.jpg,37.903743,7765891@N08,http://www.flickr.com/photos/patrick-smith-photography/4788266703/
-122.366999,2009-12-18 17:26:47,2010-09-17 11:38:27,sanfrancisco,"sanfrancisco,california,city,travel,vacation,sky,usa,seascape,apple,skyscraper,canon,magazine,landscape,bay,yahoo,oracle,google,hp,flickr,ebay,autodesk,craigslist,amd,palm,cisco,secondlife,yelp,intel,riverbed,coittower,baybridge,wired,5d,siliconvalley,salesforce,juniper,transamericapyramid,sunmicrosystems,hewlettpackard,paypal,facebook,mkii,blurb,bankofamericabuilding,linkedin,vmware,citybythebay,twitter,skyscrapercity,heroku,5dmkii",45768,Patrick Smith,4204497503_a0c43c561d.jpg,37.80744,7765891@N08,http://www.flickr.com/photos/patrick-smith-photography/4204497503/
-122.08806,2010-01-12 20:54:32,2010-09-07 20:12:40,sanfrancisco,"sanfrancisco,california,travel,sunset,sky,panorama,cloud,costa,mountain,snow,storm,fall,nature,colors,landscape,lafayette,clayton,pano,danville,valley,freeway,bayarea,diablo,walnutcreek,concord,alamo,antioch,contra,pleasanthill,680,dinosaurhill",11130,Patrick Smith,4173345148_0ec15e8b6c.jpg,37.936548,7765891@N08,http://www.flickr.com/photos/patrick-smith-photography/4173345148/
-122.513791,2010-02-20 17:43:49,2010-09-17 08:31:34,sanfrancisco,"ocean,sanfrancisco,california,longexposure,travel,vacation,sky,cloud,seascape,water,pool,rock,photoshop,canon,landscape,geotagged,ruins,scenery,pacific,ghost,explore,sutrobaths,5d,ghosts,hoya,mkii,cliffhouse,1740l,1897,explored,captureone,leefilters,canon5dmkii,5dmkii",25653,Patrick Smith,4388828622_e781f47762.jpg,37.780331,7765891@N08,http://www.flickr.com/photos/patrick-smith-photography/4388828622/
-122.473139,2009-12-13 16:38:36,2010-09-17 21:27:51,sanfrancisco,"ocean,sanfrancisco,travel,bridge,sunset,sea,vacation,sky,seascape,storm,seaweed,beach,rock,sunrise,landscape,golden,sand,gate,marin,wave,goldengatebridge,goldengate,headlands,fortpoint,lowtide,sausalito,visipix",12681,Patrick Smith,4186628672_9cbfbf2bae.jpg,37.809173,7765891@N08,http://www.flickr.com/photos/patrick-smith-photography/4186628672/
-122.478246,2009-09-25 18:44:32,2010-09-07 20:51:21,sanfrancisco,"ocean,sanfrancisco,california,longexposure,travel,vacation,usa,seascape,heron,water,rock,square,landscape,seagull,marin,goldengatebridge,5d,sausalito,examiner,canonmkii",31810,Patrick Smith,3956240828_9dc576dd03.jpg,37.831429,7765891@N08,http://www.flickr.com/photos/patrick-smith-photography/3956240828/
-43.191547,2009-02-15 16:34:19,2010-08-22 11:10:52,rio,"carnival,riodejaneiro,samba,clown,dcc,fantasia,carnaval,carnavalderua,streetcarnival,palhaço,costum,robertotumminelli,digitalcameraclub,tumminelli,carnavalnorio,cfrj,carnivalinrio,carnavalinrio,nikonp80,ascoresdoriodejaneiro,blocogigantesdalira,palhaçomuzzarela,carnavalrio2009,digitalcameraclube,brunadellisola",6632,Roberto Tumminelli,3282541659_9559d43920.jpg,-22.940096,32333251@N00,http://www.flickr.com/photos/roberto_tumminelli/3282541659/
-43.364839,2009-01-11 16:14:30,2010-09-03 02:15:40,rio,"park,brazil,sky,muro,slr,castle,water,grass,água,wall,brasil,riodejaneiro,clouds,canon,fun,reflex,rj,céu,grama,diversão,castelo,nuvens,barradatijuca,barra,reflexo,hdr,brésil,30d,montanharussa,llens,ブラジル,canoneos30d,repúblicafederativadobrasil,canonllens,lentel,canonef1635mmf28liiusm,1635mmf28lii,hdraddicted,saariysqualitypictures",3264,Ruy Barbosa Pinto,3239624934_28bb9bbc9d.jpg,-22.983029,38583880@N00,http://www.flickr.com/photos/rbpdesigner/3239624934/
-51.231651,2008-12-26 18:56:00,2010-09-13 04:33:48,rio,"sunset,pordosol,boyfriend,silhouette,rio,brasil,backlight,contraluz,gold,grande,kiss,girlfriend,do,beijo,valentine,romance,dourado,porto,abraço,alegre,namorados,hdr,sul,namoro,cais,silhueta,valentineday,guaiba,loveday,duetos,flickrbr",17418,Bolivar Trindade,3288867808_faa84aec0a.jpg,-30.027117,38521642@N00,http://www.flickr.com/photos/bolivar-trindade/3288867808/
16.428402,2009-06-12 20:13:15,2010-08-21 15:40:48,rio,"vienna,wien,sunset,sun,rio,wonderful,austria,österreich,sonnenuntergang,pentax,dream,sigma,imagination,sonne,2009,hdr,3xp,photomatix,beautifullife,sigma1020,k200d,traumlicht,whenthesuncomesdown,traumlichtfabrik,adopeeddishop,onphototourwiththewonderfulsunnyakapinkpixel",3523,Edgar Moskopp,3650496937_e76a6c2691.jpg,48.311844,23588227@N04,http://www.flickr.com/photos/traumlichtfabrik/3650496937/
-77.036132,2006-01-03 18:49:03,2010-09-18 08:51:29,rio,"city,light,man,colour,art,rio,statue,brasil,angel,digital,photoshop,design,photo,nice,paint,good,extreme,exotic,fantasy,dreams,change,fixed,cristo,retouch,effect,mundo,hombre,jesús,dios,2012,transformacion,gotico,maquillaje,universo,bauty,cirugia,univers,gotick,manipulaciòn,photoshopcreativo",3775,Marco Escobedo,4267251268_4527bc057d.jpg,-12.093038,21129744@N04,http://www.flickr.com/photos/marcoescobedo/4267251268/
-51.231651,2008-12-26 18:58:31,2010-09-01 09:22:57,rio,"love,sol,rio,branco,lago,grande,couple,do,amor,bolivar,dourado,pôrdosol,porto,alegre,casal,reflexo,namorados,hdr,sul,cisne,cais,trindade,valentinstag,valentineday,guaiba,loveday,duetos,flickrbr,superdueto",6897,Bolivar Trindade,3177016830_1cf59b0905.jpg,-30.027117,38521642@N00,http://www.flickr.com/photos/bolivar-trindade/3177016830/
-43.185517,2009-01-08 20:40:12,2010-09-07 09:13:26,rio,"city,cidade,summer,brazil,sergio,wheel,rio,brasil,riodejaneiro,de,janeiro,symbol,ferris,images,application,copacabana,ferriswheel,government,olympic,olympics,maravilhosa,congratulations,gigante,skol,roda,carioca,forte,luiz,rodagigante,paralympics,2016,parabéns,selusava,rio2016,selusavá,rodario2016,congratulationsrio",5283,Sergio Luiz Brazilian Carioca photographer,3181345712_d6fbff183d.jpg,-22.985878,35699605@N00,http://www.flickr.com/photos/selusava/3181345712/
-43.05072,2007-05-05 14:59:37,2010-08-23 17:41:57,rio,"ocean,blue,light,sea,summer,brazil,sun,sunlight,beach,southamerica,water,beautiful,riodejaneiro,wonderful,spectacular,wonder,daylight,amazing,fantastic,fishing,fisherman,sand,bravo,perfect,gorgeous,great,adorable,sunny,bluesky,chapeau,excellent,summertime,moment,lovely,charming,2008,magical,shining,niteroi,sunnyday,infinestyle,goldenmasterpiece",18920,Neusa,2796211745_6b0f178e39.jpg,-22.965466,22071281@N00,http://www.flickr.com/photos/neloqua/2796211745/
-51.523089,2009-04-26 10:44:15,2010-09-07 04:30:13,rio,"shadow,sun,fish,sol,rio,raios,ed,se,grande,big,high,ray,shadows,dynamic,pentax,sombra,vale,fisheye,beam,dos,bento,imaging,mapping,range,rs,tone,sombras,riograndedosul,gigante,vinho,hdr,sul,pipa,hdri,rastro,mapped,lucisart,lucis,raio,rgs,gonçalves,pórtico,vinhedos,highdynamicrangeimaging,1728mm,k20d,pentaxffisheye135451728mm,pentaxk20d,lucisart3,lucisart3edse,edse",3855,Omar Freitas Junior,3489359922_7d1b06121a.jpg,-29.174309,73142782@N00,http://www.flickr.com/photos/omarjunior/3489359922/
-51.176038,2008-10-05 23:37:35,2010-04-11 05:34:35,rio,"parque,light,panorama,sun,elephant,tree,luz,sol,rio,vertical,raios,de,geotagged,zoo,grande,pessoas,do,beam,panoramica,jardim,zoológico,arvore,arvores,mapping,rs,tone,riograndedosul,hdr,sul,elefante,raio,rgs,zoologico,sapucaia,vertorama,zoologicodesapucaia,geo:lat=29795572,geo:lon=51176038",3669,Omar Freitas Junior,2924449221_3d446f4092.jpg,-29.795572,73142782@N00,http://www.flickr.com/photos/omarjunior/2924449221/
-43.196986,2009-02-22 21:41:32,2010-08-17 18:16:22,rio,"carnival,costumes,cidade,brazil,sergio,rio,brasil,riodejaneiro,de,tickets,samba,do,janeiro,jessica,photos,events,details,images,parade,queen,desfile,fotos,carnaval,playboy,maia,das,guide,programs,maravilhosa,recommendations,2009,carioca,luiz,venues,detalhes,escolas,the,rainha,sambódromo,marquês,jéssica,sapucaí,marquêsdesapucaí,selusava,copa2014,rio2016,selusavá,jéssicamaia,riocarnivalparade,riocarnivaltickets",37301,Sergio Luiz Brazilian Carioca photographer,3310009333_343c89d1ee.jpg,-22.910595,35699605@N00,http://www.flickr.com/photos/selusava/3310009333/
-43.196353,2008-12-01 19:57:04,2010-09-06 14:34:49,rio,"cidade,brazil,moon,joaquim,praia,beach,sergio,rio,brasil,riodejaneiro,de,photography,hotel,design,avenida,photo,foto,venus,janeiro,with,picture,images,fotos,com,lua,rua,hotels,jupiter,maravilhosa,fotografia,philippe,starck,carioca,ipanema,luiz,philippestarck,alignment,designed,vieira,the,planetas,souto,vênus,júpiter,fasano,selusava,nabuco,alinhamento,avenidavieirasouto,ruajoaquimnabuco,hotelfasano,rio2016,selusavá",5683,Sergio Luiz Brazilian Carioca photographer,3076187664_948767978f.jpg,-22.987093,35699605@N00,http://www.flickr.com/photos/selusava/3076187664/
-43.21073,2009-06-25 21:28:48,2010-09-12 16:04:19,rio,"sunset,brazil,sky,sun,slr,sol,brasil,riodejaneiro,clouds,canon,atardecer,volcano,tramonto,rj,sunny,céu,christtheredeemer,corcovado,pôrdosol,fantasy,fantasia,nuvens,5d,16mm,hdr,anoitecer,brésil,skyplay,vulcão,puestadelsol,volcán,coucherdusoleil,llens,canoneos5d,ensolarado,christrédempteur,ブラジル,repúblicafederativadobrasil,canonllens,cristoredentore,lentel,canonef1635mmf28liiusm,1635mmf28lii,hdraddicted,コルコバードのキリスト像,statueduchristrédempteur,христосспаситель,kristusfrälsaren,христосискупитељ,kristusspasiteľ,статуяхристаискупителя,peykerêîsa,christusdererlöser,구세주그리스도상,christusdeverlosser,pomnikchrystusazbawiciela",6514,Ruy Barbosa Pinto,3723431496_dc4b074840.jpg,-22.951793,38583880@N00,http://www.flickr.com/photos/rbpdesigner/3723431496/
-43.20018,2009-01-12 18:12:42,2010-09-07 09:33:21,rio,"city,sunset,pordosol,brazil,bw,praia,beach,weather,fog,brasil,riodejaneiro,twilight,nikon,rj,hill,playa,pb,nb,bn,explore,neblina,plage,litoral,morro,climate,ipanema,2000views,tamron2875mmf28,200faves,d700,maíraerlich,alemdagqualityonlyclub",3974,maíra erlich,3230867831_390c7827a2.jpg,-22.989179,76618206@N00,http://www.flickr.com/photos/inhexzen/3230867831/
-43.275146,2010-08-03 10:04:59,2010-09-18 19:59:20,rio,"street,city,family,carnival,blue,girls,light,sunset,sea,cidade,brazil,sky,people,green,art,praia,beach,boys,sport,rio,brasil,riodejaneiro,kids,clouds,canon,de,landscape,photography,photo,2000,day,action,weekend,live,vermelho,copacabana,villa,carnaval,worldcup,3000,gospel,hdr,urca,ipanema,niterói,2010,leblon,fifaworldcup,kiten,penha,cucafresca,praiavermelha,claudiolara,fotosnoturnas,calçadãodeipanema,brazil2014,copadomundo2014,brasil2014,rio2016,171453,4192009,cláudiolara,rio2014,claudiol,riomaravilhoso,rio2011,olimpiadasmilitares",7534,Claudio Lara,3457021290_da72bc5cf3.jpg,-22.943218,97042891@N00,http://www.flickr.com/photos/claudiolara/3457021290/
-43.155434,2006-11-18 11:04:48,2010-09-18 01:22:41,rio,"auto,street,city,nyc,carnival,cidade,2,brazil,urban,art,car,rio,brasil,riodejaneiro,vw,volkswagen,de,happy,automobile,downtown,do,janeiro,action,weekend,modernart,explore,coche,villa,beatle,escarabajo,frontpage,3000,rever,galera,villas,käfer,fusca,سيارة,carocha,centrodorio,zxc,claudiolara,कार,wonderfulcity,clcclc,clcrio,clcbr,httpwwwflickrcomexploreinteresting20080928",15281,Claudio Lara,2895285158_4fce64d275.jpg,-22.950583,97042891@N00,http://www.flickr.com/photos/claudiolara/2895285158/
-51.233818,2003-02-27 03:07:03,2010-09-19 09:45:58,rio,"street,blue,sky,urban,streetart,color,building,muro,art,texture,textura,colors,rio,azul,wall,buildings,cores,graffiti,grande,avenida,mural,colorful,paint,arte,pentax,painted,graf,cartoon,bob,murals,portoalegre,style,dia,spray,porto,spongebob,junior,spraypaint,das,graffito,graff,esponja,toon,arvore,alegre,sponge,scratched,omar,crianças,criancas,mapping,poa,rs,cor,ceu,tone,maua,riograndedosul,hdr,desenho,sul,parede,pentaxistd,mapped,squarepants,grafite,marked,quadrada,rgs,calça,photomatix,grf,scrawled,graffitibrasileiro,graffitifotos",26875,Omar Freitas Junior,2932920497_9eb8b9bf76.jpg,-30.028482,73142782@N00,http://www.flickr.com/photos/omarjunior/2932920497/
-0.876438,2009-02-18 18:29:21,2010-09-12 07:42:40,rio,"street,camera,bridge,autumn,sunset,urban,españa,color,colour,luz,rio,pilar,river,contraluz,puente,atardecer,noche,nice,spain,agua,nikon,europe,soft,raw,shadows,expo,top,basilica,awesome,catedral,paisaje,best,300mm,zaragoza,explore,espana,amanecer,amarillo,vida,contraste,aragon,otoño,ebro,70300mm,goya,2009,soe,tone,beautifull,saragossa,arcos,piedra,ligths,tipico,embrujo,d90,callejeo,supershot,nitidez,quotel,abigfave,platinumphoto,anawesomeshot,colorphotoaward,aplusphoto,theunforgettablepictures,thesuperbmasterpiece,flickrlovers,fotocyfer,paintingwithlightandshadows,pilarquot",3825,Antonio Goya,3525350920_9bb7b8d7ac.jpg,41.655924,30992731@N07,http://www.flickr.com/photos/tonigoya/3525350920/
-0.872533,2008-07-23 21:37:34,2010-08-31 05:08:56,rio,"voyage,trip,travel,viaje,españa,monument,water,rio,água,pilar,río,river,spain,agua,wasser,expo,fiume,reis,zaragoza,ebro,fluss,acqua,旅行,soe,hdr,spanien,spagna,reise,resa,corsa,fleuve,西班牙,여행,rivier,ogm,물,スペイン,川,河,leau,вода,سفر,flod,spielraum,digitalworld,ماء,رحلة,lespagne,basilicadelpilar,강,bej,отключение,ταξίδι,abigfave,스페인,испания,إسبانيا,holidaysvacanzeurlaub,snubbla,diamondclassphotographer,flickrdiamond,blackribbonbeauty,theunforgettablepictures,overtheexcellence,coloursplosion,worldwidelandscapes,scenicsnotjustlandscapes,anticando,rubyphotographer,ισπανία,worldglobalaward,panoramafotográfico,lesamisdupetitprince,bevattna",22970,Paulo Brandao,2740345393_43f91e0e98.jpg,41.656942,99181891@N00,http://www.flickr.com/photos/paulobrandao/2740345393/
-6.54445,2008-07-12 18:36:28,2010-08-22 11:31:39,rio,"wood,autumn,sunset,summer,sky,bw,españa,macro,tree,hoja,primavera,nature,water,rio,stone,computer,river,lumix,waterfall,spring,spain,madera,agua,eau,wasser,estate,sommer,hiver,fiume,ordenador,coke,asturias,dia,panasonic,explore,cielo,verano,be,árbol,otoño,17,invierno,ok,été,fluss,riachuelo,acqua,cascade,liquid,seda,roca,arroyo,presa,dique,troncos,suelo,fleuve,cascada,chorro,piedra,cascata,liquido,asturies,explicación,cangasdelnarcea,supershot,potfolio,saltodeagua,mywinners,ultimateshot,efectoseda,sedaeffect",22835,Oscar,2928472999_e38eec5e4d.jpg,43.068629,12538526@N08,http://www.flickr.com/photos/hiskinho/2928472999/
139.740921,2009-08-05 18:36:28,2010-09-12 14:18:48,tokyo,"city,wedding,summer,urban,music,art,japan,skyscraper,observation,japanese,tokyo,bay,amazing,nikon,shinjuku,asia,artistic,gorgeous,awesome,watch,elevator,style,divine,international,stunning,tokyotower,metropolis,yokohama,charming,foreign,fabulous,hdr,shushi,hiyoshi,engaging,travelphotography,d90,keiouniversity,photomatix,shibuja,mywinners,travellight,d3s,sprengben,nationalgovernmentbuilding,wwwflickrcomphotossprengben,fatherofshushi",3671,Spreng Ben,4414532929_1c94e6ce36.jpg,35.670478,37010090@N04,http://www.flickr.com/photos/sprengben/4414532929/
139.729099,2008-12-31 16:33:04,2010-09-04 04:15:06,tokyo,"sunset,japan,tokyo,pentax,moribuilding,roppongihills,hdr,mtfuji,5xp,k20d,200812,2008sunset,12312008",6121,Altus,3155577667_63572f8bb7.jpg,35.660225,36015194@N00,http://www.flickr.com/photos/altus/3155577667/
139.738996,2008-12-31 18:12:21,2010-04-13 21:22:48,tokyo,"japan,tokyo,pentax,midtown,moribuilding,roppongihills,hdr,5xp,japanhdr,k20d,200812,thepong",26679,Altus,3172945949_7a33a1b03a.jpg,35.670972,36015194@N00,http://www.flickr.com/photos/altus/3172945949/
139.753389,2008-03-20 12:42:05,2010-05-20 23:20:20,tokyo,"japan,lumix,tokyo,ginza,nightscape,panasonic,freehand,imperialpalace,moat,hdr,3xp,200803,dmcfx35,thepeninsulatokyo",11349,Altus,2348834419_f2bd184507.jpg,35.679191,36015194@N00,http://www.flickr.com/photos/altus/2348834419/
139.729099,2008-12-31 17:15:18,2010-08-19 16:22:07,tokyo,"japan,tokyo,nightscape,pentax,tokyotower,moribuilding,roppongihills,hdr,5xp,japanhdr,k20d",42636,Altus,3162630234_2271c51776.jpg,35.660225,36015194@N00,http://www.flickr.com/photos/altus/3162630234/
139.729099,2009-10-04 17:45:14,2010-09-09 23:19:45,tokyo,"japan,tokyo,raw,pentax,dusk,shibuya,moribuilding,hdr,k7,1xp,tripodmounted,stuckincustoms,japanhdr",2736,Altus,4008671694_e20d7a54fd.jpg,35.660225,36015194@N00,http://www.flickr.com/photos/altus/4008671694/
139.700946,2008-03-01 18:14:11,2010-09-11 18:00:48,tokyo,"japan,tokyo,pentax,shibuya,nighttime,freehand,hdr,shibuyacrossing,sigma1020mm,5xp,k10d,japanhdr,hdratnight",36217,Altus,2310158662_dc1147ebd9.jpg,35.65883,36015194@N00,http://www.flickr.com/photos/altus/2310158662/
139.999637,2008-02-21 16:43:41,2010-09-09 13:40:55,tokyo,"disneysea,japan,canon,tokyo,disneyland,odaiba,boeing,747,tokyobay,hanedaairport,nothdr,ixy910",10164,Altus,2293973638_3cbd79471a.jpg,35.595344,36015194@N00,http://www.flickr.com/photos/altus/2293973638/
139.74339,2008-08-01 05:35:08,2010-09-16 08:07:58,tokyo,"panorama,tower,japan,skyline,canon,eos,tokyo,shinjuku,asia,cityscape,roppongi,soe,hdr,sigma1020mm,40ddidiermarti",11968,"",2731611109_e3c69dbc70.jpg,35.660294,8024992@N06,http://www.flickr.com/photos/didier_marti/2731611109/
139.729099,2008-12-31 16:23:32,2010-09-05 14:12:42,tokyo,"sunset,japan,tokyo,pentax,moribuilding,roppongihills,富士山,hdr,mtfuji,5xp,日の入,japanhdr,k20d,200812,lastsunsetof2008",33800,Altus,3158468881_d6871f436a.jpg,35.660225,36015194@N00,http://www.flickr.com/photos/altus/3158468881/
139.774482,2008-05-30 21:39:42,2010-06-26 08:00:43,tokyo,"japan,tokyo,bravo,pentax,nihonbashi,freehand,hdr,ginko,5xp,mufj,japanhdr,japanesebank,k20d,三菱東京ufj銀行,mufgplaza,mitsubishitokyoufjbank,日本橋支店",3874,Altus,2535602311_55453d05d7.jpg,35.684908,36015194@N00,http://www.flickr.com/photos/altus/2535602311/
139.523448,2009-06-01 01:31:45,2010-09-14 19:51:25,tokyo,"street,portrait,girl,june,japan,tokyo,nikon,boots,cone,candid,kamakura,cellphone,tights,explore,¥,converse,sneaker,stocking,pantyhose,kawai,d40,explored,iicecream",4169,Tony,3680500915_f5255e201a.jpg,35.318837,20396026@N00,http://www.flickr.com/photos/piano4film/3680500915/
139.774482,2008-05-15 14:32:46,2010-04-24 17:44:30,tokyo,"japan,tokyo,nightscape,pentax,tripod,tokyotower,hdr,東京タワー,rainbowbridge,otemachi,boj,bankofjapan,5xp,japanhdr,k20d,molecularbar,tokyomandarinoriental",43226,Altus,2501716104_2fa93f3c58.jpg,35.684908,36015194@N00,http://www.flickr.com/photos/altus/2501716104/
139.735296,2009-02-20 21:06:15,2010-09-09 13:51:57,tokyo,"red,tower,japan,clouds,tokyo,steel,illumination,mini,structure,diamond,special,日本,bleak,東京,minatoku,東京タワー,tallest,港区,芝公園,noteiffeltower",3558,Kenny Lam,3308094600_c8a1ece0e5.jpg,35.651661,24180477@N04,http://www.flickr.com/photos/airlambo23/3308094600/
139.745578,2008-04-16 04:05:53,2010-09-05 12:28:49,tokyo,"girl,japan,four,cuatro,japanese,tokyo,shrine,uniform,honeymoon,4,mothers,niña,東京,nena,soe,filles,japó,mares,yasukuni,tokio,hijas,santuario,japón,quatre,santuari,mywinners,anawesomeshot,aplusphoto,viatgedenoces,diamondclassphotographer,flickrdiamond,daughrers",19471,"",2475092571_e1ce693bd6.jpg,35.695434,7455207@N05,http://www.flickr.com/photos/7455207@N05/2475092571/
139.730558,2009-07-21 20:38:36,2010-09-15 06:02:26,tokyo,"storm,reflection,wet,rain,bike,bicycle,silhouette,japan,night,umbrella,japanese,tokyo,nikon,moody,cyclist,traffic,sam,bladerunner,accepted1of100,streetlife,stormy,hills,starbucks,rainy,hero,winner,biker,roppongi,roppongihills,70200,mori,mellow,moritower,summerrain,cycler,bigmomma,d90,puddlereflection,cy2,challengeyouwinner,flickrchallengegroup,flickrchallengewinner,thechallengegame,challengegamewinner,samgellman,ultraherowinner,thepinnaclehof,tphofweek3,fcgiconwinner,shmedal,fcgdone",6245,Sam Gellman,3745733679_071dbc2bc9.jpg,35.66291,25700967@N05,http://www.flickr.com/photos/samgellman/3745733679/
139.709243,2009-04-09 17:36:26,2010-09-18 16:46:14,tokyo,"city,longexposure,nightphotography,people,japan,architecture,buildings,tokyo,shinjuku,cityscape,nightshot,motionblur,jp,crowds,neonsigns,digitalcameraclub,canonef1635mmf28liiusm,canonrc1wirelessremote,manfrotto190xbtripod,platinumheartaward,canoneos5dmarkii,manfrotto322rc2heavydutygripballhead",7875,William Bullimore,3580155372_73e95cfef9.jpg,35.701499,22949449@N03,http://www.flickr.com/photos/5cheherazad3/3580155372/
139.702309,2008-02-17 14:17:59,2010-09-18 10:17:34,tokyo,"street,red,portrait,people,girl,face,japan,asian,japanese,tokyo,eyes,nikon,asia,veil,mask,cosplay,longhair,streetphotography,harajuku,日本,nippon,東京,lovely,charming,hairstyle,delightful,はらじゅく,redwig,人,コスプレ,harajukugirl,d300,原宿,genial,captivating,appealing,ニコン,pedestrianparadise,utatafeature,ajpscs,kosupure,undergroundculture,japanesefashionscene,moderngeisha,distinctivelikedna,harajukuvisualgrammar,clothingissomethingtoencounter,kaleidoscopeoffashion,wildhaircolor,essenceofharajukugirl,newgeisha,enchantingface,easternandwestern",5408,ajpscs,3414104025_723039ae24.jpg,35.670467,88468856@N00,http://www.flickr.com/photos/ajpscs/3414104025/
-4.779567,2007-04-02 16:29:51,2010-09-19 06:59:40,tokyo,"nyc,uk,shadow,italy,panorama,españa,house,paris,france,london,church,beautiful,architecture,america,turkey,francis,tokyo,algeria,nice,interesting,spain,arquitectura,europe,shanghai,cathedral,interior,gorgeous,islam,petra,arc,egypt,picture,catedral,iglesia,arches,istanbul,mosque,andalucia,best,jordan,chiesa,morocco,moorish,cordoba,mosquee,mezquita,andalusia,paco,ever,córdoba,damascus,andalusien,espagne,arco,architettura,eglise,cordova,spagna,interno,islamic,spanje,arcos,archi,moschea,lucena,mihrab,genial,arenzano,cordoue,catedrale,canker,esplendido,corduba,cabezalopez,alhaken",4772,Paco Cabeza-Lopez,2331190603_d2a9ebcc19.jpg,37.879307,45816263@N00,http://www.flickr.com/photos/pacocanker/2331190603/
9.800834,2010-04-23 20:18:30,2010-09-16 07:34:38,tokyo,"city,wedding,startrek,summer,sky,urban,music,motion,art,japan,clouds,skyscraper,observation,japanese,tokyo,bay,harbor,amazing,nikon,shinjuku,asia,waves,ship,artistic,fairground,gorgeous,awesome,watch,einstein,elevator,style,warp,hannover,divine,international,bewegung,stunning,tokyotower,metropolis,roppongi,odaiba,yokohama,charming,foreign,enterprise,fabulous,gundam,messe,hdr,shushi,rainbowbridge,hiyoshi,skywalk,niijima,engaging,travelphotography,d90,keiouniversity,photomatix,emc²,shibuja,linearity,travellight,d3s,sprengben,nationalgovernmentbuilding,fatherofshushi,linearität,fluchtendelinien",13148,Spreng Ben,4550315185_29bd82d3af.jpg,52.311732,37010090@N04,http://www.flickr.com/photos/sprengben/4550315185/
-122.468601,2010-08-29 22:43:07,2010-09-19 14:16:12,san_francisco,"sanfrancisco,people,reflections,tourists,processing,hdr,2010,reportage,hyperreal",13,Arielle Condon,5004533994_219feb017c.jpg,37.7711,14739618@N08,http://www.flickr.com/photos/theerstwhilekate/5004533994/
-122.430511,2010-09-18 16:54:50,2010-09-19 11:23:27,san_francisco,"sanfrancisco,japantown,jtown,nihonmachi,newpeople,3star,6dokidoki,ef85mmf18usm,harajukukawaiiexperience",18,Mark,5003430371_4daab9330d.jpg,37.785542,34186459@N00,http://www.flickr.com/photos/34186459@N00/5003430371/
-122.430511,2010-09-18 14:31:46,2010-09-19 11:25:39,san_francisco,"sanfrancisco,japantown,jtown,nihonmachi,mitsuyo,newpeople,ef85mmf18usm,jinnyoops",15,Mark,5004040594_1e369fda37.jpg,37.785542,34186459@N00,http://www.flickr.com/photos/34186459@N00/5004040594/
-122.466559,2008-05-05 19:02:33,2010-09-19 14:20:13,san_francisco,"sanfrancisco,deyoungmuseum,museum,legs,deyoung,otherkeywords",105,Thomas Hawk,5003796817_6a259c9f15.jpg,37.772827,51035555243@N01,http://www.flickr.com/photos/thomashawk/5003796817/
-122.481873,2010-09-19 06:23:52,2010-09-19 14:26:07,san_francisco,"sf,sanfrancisco,california,morning,water,sunrise,dawn,lights,goldengatebridge,goldengate,sanfranciscobay,bluehour,ggb,heurebleue",37,Chris Saulit,5004801338_4feb82f82a.jpg,37.827526,65355162@N00,http://www.flickr.com/photos/csaulit/5004801338/
-122.411112,2008-11-23 13:59:58,2010-09-19 08:14:27,san_francisco,"sanfrancisco,architecture,court,appealscourt,unitedstatescourtofappeals,9thcircuitcourtofappeals,uscourt,9thcircuitcourt",17,Thomas Hawk,5003777557_dfdc1e1bd1.jpg,37.779563,51035555243@N01,http://www.flickr.com/photos/thomashawk/5003777557/
-122.402485,2010-08-05 00:12:43,2010-09-19 04:58:03,san_francisco,"sanfrancisco,california,ca,usa,us,unitedstates,yerbabuena,californie,yerbabuenagarden",10,Pierrick Blons,5003537347_e3fa089ff7.jpg,37.784931,10714323@N03,http://www.flickr.com/photos/pierrickblons/5003537347/
-122.430677,2010-09-18 16:42:03,2010-09-19 14:13:39,san_francisco,"sanfrancisco,japantown,jtown,nihonmachi,newpeople,6dokidoki,ef85mmf18usm,harajukukawaiiexperience",24,Mark,5003434037_0ac4327139.jpg,37.785536,34186459@N00,http://www.flickr.com/photos/34186459@N00/5003434037/
-122.402485,2010-08-05 00:23:50,2010-09-19 12:54:30,san_francisco,"sanfrancisco,california,ca,usa,us,unitedstates,yerbabuena,californie,yerbabuenagarden",14,Pierrick Blons,5005338574_029599d7ee.jpg,37.784931,10714323@N03,http://www.flickr.com/photos/pierrickblons/5005338574/
-122.405799,2010-09-10 19:01:00,2010-09-19 11:57:24,san_francisco,"sanfrancisco,california,tower,coittower,coit,sanfranciscocalifornia",1,Tony Perrie,5004843495_5df6f87e53.jpg,37.802346,35053748@N00,http://www.flickr.com/photos/hoyhoy/5004843495/
-122.471342,2010-08-27 11:51:39,2010-09-19 14:46:07,san_francisco,"sanfrancisco,california,goldengatepark,red,flower,rose,nikon,maco,d200,70300mm,rosegarden,jaypasion",26,Jay Pasion,5004935025_c790c49fea.jpg,37.771851,20475254@N05,http://www.flickr.com/photos/jaypasion/5004935025/
-122.405799,2010-09-10 19:05:42,2010-09-19 12:22:32,san_francisco,"sanfrancisco,california,tower,hill,coittower,telegraphhill,telegraph,coit,sanfranciscocalifornia,hipstamatic",2,Tony Perrie,5004844627_8e8259ecaf.jpg,37.802346,35053748@N00,http://www.flickr.com/photos/hoyhoy/5004844627/
-122.430677,2010-09-18 16:21:16,2010-09-19 11:39:26,san_francisco,"sanfrancisco,japantown,jtown,nihonmachi,newpeople,3star,6dokidoki,ef85mmf18usm,harajukukawaiiexperience",12,Mark,5004040348_84bce68f24.jpg,37.785536,34186459@N00,http://www.flickr.com/photos/34186459@N00/5004040348/
-122.394095,2010-09-18 14:52:51,2010-09-19 13:50:29,san_francisco,"bridge,water,bay,model,friend,filter,nd,area,polarizer,circ,strobist,dominiquesanfrancisco",23,Randy Wentzel,5004144781_91a15c3b06.jpg,37.793702,98652717@N00,http://www.flickr.com/photos/pixelrandy/5004144781/
-122.430677,2010-09-18 16:22:36,2010-09-19 11:35:50,san_francisco,"sanfrancisco,japantown,jtown,nihonmachi,newpeople,6dokidoki,ef85mmf18usm,harajukukawaiiexperience,harajukugeta",12,Mark,5003433339_dba7a5a3bc.jpg,37.785536,34186459@N00,http://www.flickr.com/photos/34186459@N00/5003433339/
-122.402485,2010-08-05 00:24:22,2010-09-19 12:54:37,san_francisco,"sanfrancisco,california,ca,usa,us,unitedstates,yerbabuena,californie,yerbabuenagarden",2,Pierrick Blons,5004726739_eef0a0ecdb.jpg,37.784931,10714323@N03,http://www.flickr.com/photos/pierrickblons/5004726739/
-122.270198,2010-05-06 19:38:49,2010-09-19 08:14:36,san_francisco,"california,usa,oakland,unitedstates,guitar,unitedstatesofamerica,livemusic,eastbay,foxtheater,mikeerrico,notesandwords",27,Thomas Hawk,5003783927_4bb1368b9c.jpg,37.8078,51035555243@N01,http://www.flickr.com/photos/thomashawk/5003783927/
-122.430511,2010-09-18 14:52:39,2010-09-19 11:19:51,san_francisco,"sanfrancisco,japantown,jtown,nihonmachi,newpeople,ef85mmf18usm,jinnyoops",21,Mark,5004039202_943f483783.jpg,37.785542,34186459@N00,http://www.flickr.com/photos/34186459@N00/5004039202/
-122.400929,2010-09-16 16:01:06,2010-09-19 11:26:36,san_francisco,"sanfrancisco,california,bw,usa,architecture,photo,lenstagged,tripod,financialdistrict,1600squirrels,sfbayarea,nocal,embarcaderocenter,embarcaderoone,5dii,canon24f35ii",9,Cleve,5005249134_8da4b9ef57.jpg,37.794457,29309361@N00,http://www.flickr.com/photos/acornsarebitter/5005249134/
-122.402485,2010-08-05 00:17:39,2010-09-19 05:49:52,san_francisco,"sanfrancisco,california,ca,usa,us,unitedstates,californie,buena,yerbabuenagardenyerba",8,Pierrick Blons,5003537633_de167fd646.jpg,37.784931,10714323@N03,http://www.flickr.com/photos/pierrickblons/5003537633/
-73.953834,2010-09-19 12:17:17,2010-09-19 11:47:30,nyc,cameraphone,142,Kellan,5004355513_af7e749c9c.jpg,40.7165,51035734193@N01,http://www.flickr.com/photos/kellan/5004355513/
-73.978935,2010-09-14 01:18:59,2010-09-19 13:55:34,nyc,"nyc,nikon,esb,empirestatebuilding,d700",13,Simon Alibert,5004445679_dacc14d591.jpg,40.758514,10353337@N00,http://www.flickr.com/photos/simon-alibert/5004445679/
-73.966484,2010-09-19 10:58:58,2010-09-19 13:55:53,nyc,"mirror,enzo,iphone4,shakeitphoto,clintonhillfortgreenebrooklynny",16,Kara,5004096009_3870c792e7.jpg,40.691222,85208801@N00,http://www.flickr.com/photos/omeyisland/5004096009/
-74.087367,2010-09-19 13:44:32,2010-09-19 13:47:08,nyc,"usa,america,aea",21,Jeffrey Zeldman,5005249770_88057ef106.jpg,40.755481,48889052497@N01,http://www.flickr.com/photos/zeldman/5005249770/
-73.991782,2010-09-10 17:10:26,2010-09-19 12:08:38,nyc,"newyork,bowery,manhatten,fdny,firedepartment,engine33",32,Roland Hertwig,5004388375_cc101a6fa0.jpg,40.726384,47083987@N06,http://www.flickr.com/photos/rhg2010/5004388375/
-73.99778,2010-09-13 17:32:57,2010-09-19 13:04:54,nyc,"newyorkcity,people,woman,usa,ny,bike,blog,flickr,manhattan,clown,washingtonsquare",33,Susan Dennis,5005207500_0a2b4b2ed3.jpg,40.730771,62816760@N00,http://www.flickr.com/photos/susandennis/5005207500/
-73.989808,2010-08-19 18:51:46,2010-09-19 09:34:50,nyc,"street,new,york,city,nyc,bridge,light,summer,cinema,ny,brooklyn,canon,eos,cinematic",11,andrea nardi,5003913493_0efb848252.jpg,40.703187,44887644@N07,http://www.flickr.com/photos/andreanardi/5003913493/
-73.968715,2010-08-19 18:22:52,2010-09-19 04:59:47,nyc,"blue,light,cinema,newyork,cars,brooklyn,canon,eos,traffic,violet,cinematic",8,andrea nardi,5003620183_3f92b18bf0.jpg,40.712069,44887644@N07,http://www.flickr.com/photos/andreanardi/5003620183/
-73.844132,2010-07-27 13:29:37,2010-09-19 09:39:55,nyc,"nyc,garage,hasselblad,queens,willetspoint,hassynyc,h4d40,hassyusa",14,Timothy Schenck,5004465534_02343d9398.jpg,40.759326,80258788@N00,http://www.flickr.com/photos/timothyschenck/5004465534/
-73.990468,2010-09-19 22:36:05,2010-09-19 14:28:55,nyc,"park,new,york,city,nyc,usa,fish,ny,newyork,france,brooklyn,america,us,nikon,manhattan,unitedstatesofamerica,fisheye,manhattanbridge,nikkor,amerika,brooklin,parc,français,hdr,anto,brooklinbridge,américain,staaten,xiii,amérique,vereinigtestaatenvonamerika,vereinigte,16mmfisheye,d700,antoxiii,hdr9raw",280,A.G. Photographe,5003459147_8f6e530cd8.jpg,40.704407,27420180@N08,http://www.flickr.com/photos/anto13/5003459147/
-73.977239,2010-09-18 19:54:17,2010-09-19 09:08:37,nyc,"street,leica,newyork,brooklyn,night,kensington,f11,nokton,voigtländer,m9,11218,churchavenue",11,Witold Riedel,5004703914_367f4be093.jpg,40.643746,35034348860@N01,http://www.flickr.com/photos/witold/5004703914/
-74.008074,2010-09-17 17:49:13,2010-09-19 13:04:16,nyc,"nyc,newyorkcity,woman,ny,newyork,beer,girl,smile,bar,outside,eyecontact,neon,sitting,streetphotography,security,smoking,guinness,spirits,sidewalk,yankees,distracted",12,John Fraissinet,5005176832_3e2036166a.jpg,40.715696,62668801@N00,http://www.flickr.com/photos/jfraissi/5005176832/
-73.976113,2010-09-18 19:06:29,2010-09-19 14:25:59,nyc,"street,leica,newyork,brooklyn,night,polska,kensington,f11,nokton,voigtländer,m9,sklep,polacy,11218,churchavenue,nowyjork,wbrooklinie",17,Witold Riedel,5004703210_3f67132cab.jpg,40.644145,35034348860@N01,http://www.flickr.com/photos/witold/5004703210/
-73.990108,2010-08-19 19:01:40,2010-09-19 14:09:13,nyc,"park,street,old,bridge,cinema,girl,brooklyn,canon,river,canal,photo,manhattan,candid,east,cinematic",42,andrea nardi,5004060309_9aa488e396.jpg,40.704513,44887644@N07,http://www.flickr.com/photos/andreanardi/5004060309/
-73.980302,2010-09-19 11:11:48,2010-09-19 12:48:11,nyc,"fashion,photography,boots,mandala,sl,coco,secondlife,belleza,lazysunday,maitreya,derniercri,slphotography,slfashion,arawra,hairfair2010,~mynerva~",16,"",5004224751_6f3755b4fd.jpg,40.784189,50626444@N05,http://www.flickr.com/photos/dementeddivas/5004224751/
-73.973687,2010-09-12 13:27:57,2010-09-19 13:01:19,nyc,"nyc,newyorkcity,woman,newyork,analog,35mm,kodak,trix,streetphotography,olympus,ishootfilm,oldschool,xa,zuiko,telephones,cellphones,luisvuitton,t400,cverwaal,cornelisverwaal",30,Cornelis Verwaal,5004836312_9655e81793.jpg,40.762883,38275388@N00,http://www.flickr.com/photos/cverwaal/5004836312/
-73.989182,2010-08-21 18:36:23,2010-09-19 13:49:38,nyc,"city,nyc,newyorkcity,usa,ny,newyork,collage,architecture,night,america,skyscraper,canon,geotagged,eos,day,place,nacht,manhattan,mosaic,tag,unitedstatesofamerica,architect,stadt,northamerica,metropolitain,bigapple,flatironbuilding,2010,wolkenkratzer,diptychs,diptychon,vereinigtestaatenvonamerika,danielhudsonburnham,photoscape,canoneos450d,bügeleisengebäude,geo:lon=73989182,geo:lat=40742044",13,Dirk Wandel,5005080444_a135f75536.jpg,40.742044,81504125@N00,http://www.flickr.com/photos/diwan/5005080444/
-73.993263,2010-08-19 18:30:02,2010-09-19 05:30:11,nyc,"nyc,light,summer,cinema,ny,newyork,brooklyn,canon,eos,free,prison,cinematic,2010,libery",19,andrea nardi,5003635259_a7a8a548e3.jpg,40.70368,44887644@N07,http://www.flickr.com/photos/andreanardi/5003635259/
-73.985216,2010-09-18 06:13:11,2010-09-19 11:18:45,nyc,"nyc,usa,newyork,unitedstates,manhattan",35,Maxime Breitung,5004453427_563f6a4e80.jpg,40.758714,41536300@N03,http://www.flickr.com/photos/breitung/5004453427/
-73.991543,2010-08-23 03:35:55,2010-09-19 13:53:51,nyc,"street,city,nyc,newyorkcity,light,panorama,usa,ny,newyork,cars,night,america,canon,geotagged,eos,place,traffic,stitch,nacht,manhattan,unitedstatesofamerica,stadt,northamerica,autos,metropolitain,madisonsquaregarden,bigapple,pennstation,panoramix,360°,2010,langzeitbelichtung,longexposures,hotelpennsylvania,vereinigtestaatenvonamerika,canoneos450d,microsoftimagecompositeeditor,spivpano,geo:lon=73991543,geo:lat=40750099",18,Dirk Wandel,5005080404_129d50b0d0.jpg,40.750099,81504125@N00,http://www.flickr.com/photos/diwan/5005080404/
-119.256076,2010-09-17 18:45:29,2010-09-19 14:28:19,usa,"reflection,nikkor50mm18,rainbowslinky,nikond80,optekaextensiontubes",78,Wendell,5004364118_0e832fe012.jpg,34.267502,68842954@N00,http://www.flickr.com/photos/intherough/5004364118/
-78.207206,2010-09-19 07:43:05,2010-09-19 12:41:42,usa,"skylinedrive,shenandoahnationalpark,dickeyridge,nikond700,michaelbesant,nikon1635mm",29,Mike Besant,5003626261_de92338321.jpg,38.872725,28031728@N02,http://www.flickr.com/photos/mikebesant/5003626261/
-120.168623,2010-08-12 19:31:33,2010-09-19 13:50:37,usa,"ocean,sea,beach,coast,sand,rocks,pacific,stones,pacificocean,cobbles,gaviotacoast,dsc0032sfr",89,Marc  Briggs,5001777798_17ddee5b88.jpg,34.469609,86569066@N00,http://www.flickr.com/photos/gotfish_mb/5001777798/
-79.602534,2010-09-18 12:56:46,2010-09-19 14:42:34,usa,"tree,bird,nature,nikon,wildlife,flight,kingfisher,lakeontario,mississauga,avian,bif,rattraymarsh,d90,nikon80400,slblanding",44,"",5003736503_dcaa7e565e.jpg,43.517676,34673765@N03,http://www.flickr.com/photos/rc2009/5003736503/
-119.664782,2009-09-27 01:42:48,2010-09-19 14:34:13,usa,"reflections,bravo,rocks,yosemite,valleyview,yosemitevalley,mercedriver",62,Mimi,5004471528_43aa67975e.jpg,37.720117,76881072@N00,http://www.flickr.com/photos/mimigd/5004471528/
-111.604254,2010-09-18 08:51:10,2010-09-19 13:55:49,usa,"autumn,usa,fall,utah,maple,logancanyon,us89,cachecounty,instantfave,goldstaraward,orig:file=20100915eos30d104481000",10,Bob Palin,5005155632_6517690425.jpg,41.832615,7419554@N02,http://www.flickr.com/photos/bobpalin/5005155632/
-121.817178,2009-11-09 15:28:15,2010-09-19 14:38:46,usa,"california,seaweed,bigsur,pacificocean,kelp,seabird,jadecove,wormseyeviewsunday,hwevs,itsabokehbird,cantrememberwhatkindandthisistoofuzzytoseedetail",38,Trina,5003979943_0ef392edfb.jpg,36.238942,37564613@N00,http://www.flickr.com/photos/pixelmama/5003979943/
-122.663667,2010-09-18 07:10:16,2010-09-19 12:28:11,usa,"bw,fog,oregon,river,portland,1755mmf28g,willametteriver,sellwood,sellwoodbridge,floatinghouses,afsdxzoomnikkor1755mmf28gifed",40,Ben McLeod,5004362565_e1392e79f0.jpg,45.46433,44124472651@N01,http://www.flickr.com/photos/benmcleod/5004362565/
-122.471342,2010-08-27 11:51:39,2010-09-19 14:46:07,usa,"sanfrancisco,california,goldengatepark,red,flower,rose,nikon,maco,d200,70300mm,rosegarden,jaypasion",26,Jay Pasion,5004935025_c790c49fea.jpg,37.771851,20475254@N05,http://www.flickr.com/photos/jaypasion/5004935025/
-81.431694,2010-09-15 12:11:02,2010-09-19 14:42:32,usa,"flowers,plants,nature,floral",32,Brian,5004136703_39b83dc6d2.jpg,41.560747,38552793@N06,http://www.flickr.com/photos/artist1131/5004136703/
-76.439716,2010-09-11 17:55:50,2010-09-19 14:50:31,usa,"cloud,ontario,canada,reflections,boats,lakeontario,moorings,stlawrenceriver,wolfeisland",50,Liz,5004040151_5fbbfc0445.jpg,44.194586,53531820@N00,http://www.flickr.com/photos/kingstongal/5004040151/
-83.123046,2010-09-19 09:08:00,2010-09-19 14:14:42,usa,"",98,Chris Doyle,5004695355_cb4726f52c.jpg,42.490896,60461642@N00,http://www.flickr.com/photos/reasonablyclever/5004695355/
-82.143648,2010-09-18 09:48:34,2010-09-19 13:46:31,usa,"longexposure,nature,yellow,rock,golden,nc,moss,northcarolina,rhododendron,cascade,naturephotography,rhodo,crabtreefalls,yanceycounty,bigcrabtreecreek,davidhopkinsphotograpy",27,David Hopkins,5003997157_b405b6321d.jpg,35.812514,16170588@N07,http://www.flickr.com/photos/davidhopkinsphotography/5003997157/
-88.083057,2010-09-17 16:48:34,2010-09-19 11:56:16,usa,"autumn,light,shadow,red,summer,black,tree,green,fall,colors,sunshine,yellow,turn,dark,maple,seasons,bokeh,hidden,shade,change,veins,backlit,giveway,transition,mortonarboretum,freemanmaple",28,Christiaan,5003582750_13974db95c.jpg,41.816471,13613120@N05,http://www.flickr.com/photos/christiaan_25/5003582750/
-83.027537,2010-06-12 09:43:14,2010-09-19 12:37:47,usa,"usa,abandoned,graffiti,unitedstates,10,michigan,unitedstatesofamerica,detroit,urbanexploration,packard,packardplant,urbex,fav10,ventri,stephaniekeating,detroit0610dmu",120,Thomas Hawk,5004413744_326bc7da89.jpg,42.378636,51035555243@N01,http://www.flickr.com/photos/thomashawk/5004413744/
-115.145334,2010-09-14 17:44:28,2010-09-19 14:37:37,usa,"cars,gold,lasvegas,nevada,unitedstatesofamerica,motorcycles,electronics,trucks,antiques,jewelery,televisions,rickharrison,open24hrs,pawnshops,digitalagent,sterlingflatware,kenyuel,pawnstars,coreybighossharrison,richardtheoldmanharrison,austinchumleerussell,lasvegaspawnshops,713lasvegasblvds,bringinyourgoods,30centsonthedollar",95,Ken Yuel,5004585190_6ec88167c2.jpg,36.161666,8076478@N07,http://www.flickr.com/photos/specialagent/5004585190/
-73.990468,2010-09-19 22:36:05,2010-09-19 14:28:55,usa,"park,new,york,city,nyc,usa,fish,ny,newyork,france,brooklyn,america,us,nikon,manhattan,unitedstatesofamerica,fisheye,manhattanbridge,nikkor,amerika,brooklin,parc,français,hdr,anto,brooklinbridge,américain,staaten,xiii,amérique,vereinigtestaatenvonamerika,vereinigte,16mmfisheye,d700,antoxiii,hdr9raw",280,A.G. Photographe,5003459147_8f6e530cd8.jpg,40.704407,27420180@N08,http://www.flickr.com/photos/anto13/5003459147/
-110.662107,2010-08-11 07:50:33,2010-09-19 14:49:55,usa,"tetons,moulton,barn,morning,morningattheranch,grandtetons,life,landscape,scenic,southmoultonbarnsunrise,sunrise,dawn,fields,prarie,mountains,peace,pictures,tourist,tourism,wyoming,thegrandtetons,canon,west,travel,camping,hiking,mormonrow",62,Matt Champlin,5004341844_73637c7bc7.jpg,43.639118,29762217@N00,http://www.flickr.com/photos/mattchamplin/5004341844/
-122.193701,2010-02-27 18:48:23,2010-09-19 14:13:18,usa,"ocean,california,sunset,sea,panorama,beach,photography,surf,waves,pacific,wave,stack,foam,davenport,darvin,atkeson,darv,liquidmoonlightcom",58,Darvin Atkeson,5004083948_fc6d3c5fa2.jpg,37.009119,60027837@N00,http://www.flickr.com/photos/liquidmoonlightcom/5004083948/
-105.183615,2010-09-19 12:15:04,2010-09-19 14:52:06,usa,"sky,cloud,sunlight,storm,nature,rain,clouds,skyscape,landscape,nikon,peak,stormy,co,pikes,thunderstorm,cloudscape,pikespeak,speckled,teller,exposureblending,twoexposures,tellercounty,nikon1735,d700",80,Michael Menefee,5005392112_f2f11c346c.jpg,38.903173,70619288@N00,http://www.flickr.com/photos/fortphoto/5005392112/
2.829537,2010-09-01 22:39:18,2010-09-19 14:46:43,europe,"blackwhite,softness,mother,pregnancy,son,pregnant,communication,belly,strobist,sylvainlatouche,alpha850",260,Sylvain Latouche,5003663759_e317ed5c42.jpg,50.507756,51166245@N07,http://www.flickr.com/photos/sylvain_latouche/5003663759/
-8.162155,2010-08-04 15:49:34,2010-09-19 14:39:09,europe,"portugal,casa,sony,serra,sincity,gerês,abandonada,coth,dslra100,serradogerês,qualitystructuresppf",104,gilberto oliveira,5004008015_e0893a514d.jpg,41.729305,25345788@N07,http://www.flickr.com/photos/gilxxl/5004008015/
10.926418,2010-09-18 18:44:05,2010-09-19 13:18:49,europe,"nature,germany,thüringen,nikon,erfurt,natur,feld,wiese,fotosyntheseerfurt",67,"",5005028402_175c73336d.jpg,50.932955,46416878@N06,http://www.flickr.com/photos/fotosynthe-erfurt/5005028402/
-0.123853,2010-05-26 02:42:42,2010-09-19 14:21:39,europe,"abstract,london,westminster,subway,tube,jamesneeley",104,James Neeley,5004599724_0de86a0a12.jpg,51.501102,59514628@N00,http://www.flickr.com/photos/jpn/5004599724/
1.26613,2007-10-06 15:28:49,2010-09-19 13:43:21,europe,"catalunya,tarragona,mònica,nikond200,0291,joanot,octubre2007,eltarragonés",211,Joan Bellver,5002310880_529e5752d9.jpg,41.120972,8359402@N05,http://www.flickr.com/photos/joanot/5002310880/
2.193413,2010-06-27 18:07:47,2010-09-19 14:08:54,europe,"barcelona,lines,architecture,underground,design,spain,arquitectura,europe,metro,curves,bcn,shapes,bdf,architectuur,tmb,l10,onzedesetembre,l9,transportsmetropolitansdebarcelona,jsprhrmsnphotography",96,jasper hermsen,5000591849_7ed87a8c0e.jpg,41.429736,7627397@N08,http://www.flickr.com/photos/jsprhrmsn/5000591849/
9.721579,2010-09-19 17:47:01,2010-09-19 13:39:32,europe,"light,red,orange,black,hot,cold,texture,silhouette,yellow,dark,warm,candles,mood,candle,darkness,atmosphere,scratches,romance,burning,burn,romantic,coldness",35,Anja,5005014176_ab00c50d03.jpg,52.348751,14151113@N08,http://www.flickr.com/photos/14151113@N08/5005014176/
4.475474,2010-09-19 09:49:09,2010-09-19 14:41:29,europe,"carlzeiss,nikond700,poppiespoppy,devetpanstudios,siebewarmoeskerken,50mm14zf2planart,thankyouallforthemassivesupport",608,Siebe Warmoeskerken,5003646815_cc5d44d370.jpg,51.449406,34083509@N00,http://www.flickr.com/photos/swarmoeskerken/5003646815/
15.89204,2010-08-08 18:11:12,2010-09-19 14:48:49,europe,"street,colors,europe,croatia,hdr,orton,sibenik,dalmatia,kalelarga",81,"",5004685240_cf00733663.jpg,43.734999,40153402@N03,http://www.flickr.com/photos/40153402@N03/5004685240/
14.496406,2010-08-28 17:18:25,2010-09-19 11:44:22,europe,"travel,photoshop,reflex,nikon,italia,campania,tp,viaggi,pompei,anfiteatro,cdp,creatività,linescurves,d80,mywinners,bellitalia,1855vr,anticando,spiritofphotography,expressyourselfaward,theauthorsplaza,sirbaf79",74,Fabrizio,5001814402_173251b1a3.jpg,40.74872,39789628@N04,http://www.flickr.com/photos/sirbaf79/5001814402/
18.104352,2010-08-10 15:40:22,2010-09-19 14:41:02,europe,"summer,animal,wall,museum,cherry,squirrel,stockholm,outdoor,skansen,ekorre,buidling,djur,körsbär,flickraward",54,Berndt Sjösten,5004548801_043a005c9c.jpg,59.326378,45669903@N06,http://www.flickr.com/photos/berndts/5004548801/
-3.368854,2010-09-08 11:02:38,2010-09-19 14:51:21,europe,"españa,andalucía,spain,spanien,jaén,bedmar,jódar,sierramágina,venturacarmona,garcíez,bedmarygarcíez",109,"",5003520369_a0bee11def.jpg,37.807546,8866963@N06,http://www.flickr.com/photos/venturacarmona/5003520369/
-3.803468,2010-05-11 14:58:21,2010-09-19 14:41:08,europe,"madrid,detail,museum,canon,cuatro,aviation,air,sigma,museo,1020,aire,hdr,topaz,adjust,sigma1020mm,mig21,vientos,noiseware,fishbed,photomatix,mikoyangurevich,tonemapped,eos450d,colorphotoaward,servalpe",534,Sergio Valverde Pérez,4600037147_244bb090dc.jpg,40.365736,41924773@N03,http://www.flickr.com/photos/servalpepbase/4600037147/
9.653116,2010-08-21 11:07:49,2010-09-19 13:57:06,europe,"travel,blue,friends,sea,summer,sky,italy,sun,verde,nature,montagne,italia,mare,estate,liguria,natura,case,sugar,cielo,mind,monterosso,viaggio,spiaggia,scogli,flickrgoldaward,flickrbronzeaward,flickrsilveraward,mygearandme",201,Gianni,4999231219_817e259174.jpg,44.145309,34277139@N08,http://www.flickr.com/photos/sugar_mind/4999231219/
-9.130352,2010-07-16 12:42:57,2010-09-19 14:48:09,europe,"sky,portugal,public,clouds,geotagged,europa,europe,nuvole,lisboa,©,olympus,cielo,nuages,zuiko,hdr,allrightsreserved,2010,lisbona,portogallo,zd,tancredi,©allrightsreserved,1442mm,e410,july2010,olympuse410,carlotancredi,georeferenziata,16july2010,p7160021",129,"",5001408627_4408d1ce71.jpg,38.712295,7340910@N02,http://www.flickr.com/photos/carlotancredi/5001408627/
-3.519744,2010-09-18 19:29:16,2010-09-19 14:32:57,europe,"ocean,sunset,sea,seaweed,reflection,beach,water,rocks,surf,waves,stones,pebbles,foam,caithness,thurso",68,"",5004066212_65e8915ff4.jpg,58.598183,35773316@N06,http://www.flickr.com/photos/northern_exposures_2009/5004066212/
2.188307,2010-08-26 15:20:33,2010-09-19 13:29:25,europe,"estudio,sueños,niñez,sesión,fantasía,kanjungla",95,Juan Díaz,5004340304_d4b72bea3d.jpg,41.438093,28678473@N04,http://www.flickr.com/photos/kanjungla/5004340304/
3.982801,2010-09-02 11:10:30,2010-09-19 14:27:37,europe,"france,film,analog,35mm,frankreich,t4,yashicat4,xtra400,fujicolorsuperiaxtra400,kleinbild,autaut",164,Sebastian Reiser,4950374823_74aa50f751.jpg,44.856355,7921910@N04,http://www.flickr.com/photos/sebastianreiser/4950374823/
-9.13798,2010-07-16 11:42:41,2010-09-19 14:50:58,europe,"bw,portugal,public,geotagged,europa,europe,lisboa,lisbon,©,olympus,bn,zuiko,allrightsreserved,2010,lisbona,portogallo,zd,tancredi,©allrightsreserved,1442mm,e410,july2010,olympuse410,carlotancredi,georeferenziata,16july2010,p7160012",118,"",5004091734_e896a646a6.jpg,38.70803,7340910@N02,http://www.flickr.com/photos/carlotancredi/5004091734/
-0.291899,2009-09-10 18:28:16,2010-09-19 14:09:03,europe,"leica,uk,england,kewgardens,london,nature,animal,kew,duck,europa,europe,united,kingdom,natura,animali,anatra,royalbotanicgardenskew,supershot,kalsa,abigfave,leicadlux3,colorphotoaward,citrit,damniwishidtakenthat,mariaadelaidemondini,mamondini",58,Maria Adelaide Mondini Palermo - Italia,5004017070_f631b08c27.jpg,51.479144,14209672@N08,http://www.flickr.com/photos/mamondini/5004017070/
135.761318,2010-09-19 17:50:25,2010-09-19 07:45:11,japan,"kyoto,f14,75mm,gf1,cosmicar,cmount,烏丸今出川",23,"",5003600661_3435641304.jpg,35.029223,32911604@N05,http://www.flickr.com/photos/maida0922/5003600661/
139.699423,2010-09-19 22:16:28,2010-09-19 13:53:05,japan,"2010,iphone,photodesk,iphone4,iphoneography,hipstamatic",33,ARCH,5003825531_679b62b638.jpg,35.690607,7522117@N08,http://www.flickr.com/photos/archiphone/5003825531/
132.319166,2009-09-18 18:28:04,2010-09-19 14:12:53,japan,"sunset,japan,miyajima,torii,japón",15,"",5005073228_054cfbab77.jpg,34.296833,98043402@N00,http://www.flickr.com/photos/manolnet/5005073228/
139.576325,2010-09-18 12:02:26,2010-09-19 04:24:56,japan,"tokyo,東京,tsutsujigaoka,eos5d,omzuiko55mmf12,つつじヶ丘",12,tak mat,5004076666_a5d3f12eec.jpg,35.6536,22851828@N07,http://www.flickr.com/photos/fragment_scene/5004076666/
139.447575,2010-09-19 12:45:35,2010-09-19 14:43:59,japan,"flowers,flower,nature,α55",34,Michiteru KODAMA,5004395384_f665751446.jpg,35.577719,43444131@N00,http://www.flickr.com/photos/kodamatic/5004395384/
135.521499,2010-09-19 14:32:23,2010-09-19 13:09:40,japan,"macro,digital,canon,eos,90mm,tamronspaf90mmf28dimacro",36,sǝʎɐɯ ɯı1,5004179896_bffb3b6efb.jpg,34.610122,7924276@N03,http://www.flickr.com/photos/18percentsgray/5004179896/
135.762863,2010-09-19 16:53:20,2010-09-19 09:21:46,japan,"kyoto,soft,bokeh,f14,京都御所,75mm,crapemyrtle,gf1,サルスベリ,silkypix,cosmicar,cmount",5,"",5004073945_1543ce58fc.jpg,35.022897,32911604@N05,http://www.flickr.com/photos/maida0922/5004073945/
138.386535,2010-09-19 17:05:38,2010-09-19 14:11:42,japan,"anime,japan,japanese,gundam,shizuoka,mobilesuit,rx78,11scale,realsized",59,"",5004034483_bf20a16887.jpg,34.974876,8205092@N02,http://www.flickr.com/photos/bananagranola/5004034483/
135.521499,2010-09-19 14:54:46,2010-09-19 10:36:21,japan,"macro,digital,canon,eos,aperture,90mm,tamronspaf90mmf28dimacro",69,sǝʎɐɯ ɯı1,5004187310_a05483574e.jpg,34.610122,7924276@N03,http://www.flickr.com/photos/18percentsgray/5004187310/
134.670846,2010-09-20 00:10:00,2010-09-19 14:25:37,japan,"city,urban,man,texture,japan,walking,japanese,kanji,iphone,徳島,takenwithaniphone,iphoneography,daveweekes",24,Dave Weekes,5004739314_79d8e5f808.jpg,33.919361,26230979@N03,http://www.flickr.com/photos/26230979@N03/5004739314/
134.670846,2010-09-19 22:17:36,2010-09-19 14:21:40,japan,"japan,train,japanese,nikon,velvia,shinkansen,bullettrain,iphone",22,Dave Weekes,5004436928_c5ddcc1a70.jpg,33.919361,26230979@N03,http://www.flickr.com/photos/26230979@N03/5004436928/
139.466114,2010-09-19 17:44:04,2010-09-19 07:12:16,japan,"blue,sky,cloud",16,ITAGAMI Tack,5004173154_263044033c.jpg,35.805075,99611801@N00,http://www.flickr.com/photos/upperslope/5004173154/
139.7954,2008-08-31 15:52:42,2010-09-19 12:22:51,japan,"japan,plane,tokyo,ana,airport,boeing,haneda,b777",8,"",5004292717_cd980ac434.jpg,35.532725,27889738@N07,http://www.flickr.com/photos/27889738@N07/5004292717/
139.809447,2010-05-03 17:48:06,2010-09-19 12:22:35,japan,"railroad,bridge,japan,train,river,tokyo,arakawa,adachi,truss",6,"",5004918870_bfb826ee8e.jpg,35.759183,27889738@N07,http://www.flickr.com/photos/27889738@N07/5004918870/
139.664329,2010-09-19 21:16:17,2010-09-19 13:30:35,japan,"street,blackandwhite,bw,japan,night,tokyo,chair,sigma,setagaya,foveon,世田谷,椅子,dp2,sigmadp2",50,Guwashi,5004565005_83b2d3829d.jpg,35.668771,16877319@N07,http://www.flickr.com/photos/guwashi999/5004565005/
135.763034,2010-09-19 16:44:56,2010-09-19 10:35:37,japan,"kyoto,bokeh,f14,京都御所,75mm,gf1,silkypix,cosmicar,cmount",10,"",5004073489_e311404fce.jpg,35.022264,32911604@N05,http://www.flickr.com/photos/maida0922/5004073489/
134.183578,2010-09-18 14:26:20,2010-09-19 12:55:47,japan,"leica,light,sunlight,digital,50mm,dof,bokeh,buddha,buddhist,faith,belief,buddhism,f10,relief,utata,flare,noctilux,mercy,2010,m9,高知,室戸,leicanoctilux50mmf10,leicam9,室戸山最御崎寺",118,"",5003827127_1094e96e9f.jpg,33.240482,17958048@N00,http://www.flickr.com/photos/moaan/5003827127/
135.521499,2010-09-19 15:05:50,2010-09-19 07:14:07,japan,"macro,digital,canon,eos,90mm,tamronspaf90mmf28dimacro",33,sǝʎɐɯ ɯı1,5004177122_40e6b514b8.jpg,34.610122,7924276@N03,http://www.flickr.com/photos/18percentsgray/5004177122/
139.712446,2010-04-03 13:03:01,2010-09-19 08:30:00,japan,"japan,50mm,tokyo,shinjuku,asahi,pentax,takumar,f14,super,sp,m42,桜,日本,sakura,新宿御苑,東京,100,新宿,coated,multi,shd,新一代,thorium,乐凯,atomlens",61,"",5002712153_d143ec27f4.jpg,35.681757,9301487@N07,http://www.flickr.com/photos/toki_dub/5002712153/
138.940486,2010-09-19 22:48:41,2010-09-19 08:51:11,japan,"2010,newmamiya6,fujipro800,mamiyag80f35,内野祭り,uchinomatsuri",45,Trash Star,5004527068_5f97cddb0a.jpg,37.862182,8121187@N02,http://www.flickr.com/photos/livingbraindonor/5004527068/
121.431033,2010-09-18 11:12:59,2010-09-19 06:34:56,china,"cherry,pan,cowgirl,girlie,viamobile,viamail,xiaolu,nexusone",43,Andre Pan,5003848171_8c7358d3d3.jpg,31.129727,49503064331@N01,http://www.flickr.com/photos/popoever/5003848171/
121.539611,2010-09-19 12:26:17,2010-09-19 11:00:10,china,"china,2,ningbo,zhejiang,20100919,寧波廊橋心境,浙江寧波day",2,"",5005085538_58f53ac0b7.jpg,29.870611,30531653@N00,http://www.flickr.com/photos/komodoxp/5005085538/
90.67405,2010-09-19 17:08:45,2010-09-19 07:45:41,china,"blog,kanpei,earthmarathon",282,"",5003489821_50e232977f.jpg,43.035105,32760626@N05,http://www.flickr.com/photos/earthmarathon/5003489821/
119.93685,2010-09-19 18:09:13,2010-09-19 03:33:00,china,"apple,宝宝,iphone,橙子,iphone4,iluvo",33,"",5003447419_e9b5ebacbc.jpg,31.707666,88348389@N00,http://www.flickr.com/photos/hidigi/5003447419/
121.426477,2010-09-06 14:11:56,2010-09-19 12:57:34,china,"china,people,streets,asia,shanghai,metro,m43,gf1,20mmf17pancake",70,Rob,5004151815_855e3454e6.jpg,31.214489,34511387@N07,http://www.flickr.com/photos/robshanghai/5004151815/
116.400661,2005-08-01 05:04:14,2010-09-19 10:22:51,china,"china,beijing,forbiddencity,cina,pechino,cittàproibita",7,Marina,5004749894_978bf657a7.jpg,39.930537,26260958@N08,http://www.flickr.com/photos/marinaluglio/5004749894/
116.370974,2010-07-17 06:45:58,2010-09-19 07:00:25,china,"china,train,geotagged,beijing,trainstation,waterheater,chn,beijingsouth,majiapu,geo:lat=3986207017,geo:lon=11637097478",2,Glenn,5004541394_170c3e3b7c.jpg,39.862069,95722316@N00,http://www.flickr.com/photos/glennaa/5004541394/
121.463644,2010-08-14 17:25:19,2010-09-19 07:34:31,china,"china,buildings,shanghai,wires,sigma1020mm,d90,田子坊,travel:country=china,travel:city=shanghai,camera:lens=sigma1020mm,camera:camera=d90",13,Michael,5004634848_f501821f0f.jpg,31.21002,73439432@N00,http://www.flickr.com/photos/personaldork/5004634848/
120.627616,2009-10-07 02:45:52,2010-09-19 11:11:18,china,"water,lines,wall,museum,raw,suzhou,geometry,drop,iphotooriginal,tokinaaf19321935mmf3545,flickrkeywords",1,Gabriel,5005334140_d88d3dd208.jpg,31.320646,59297909@N00,http://www.flickr.com/photos/gabyu/5005334140/
116.370974,2010-07-17 07:31:30,2010-09-19 07:00:30,china,"china,window,train,table,geotagged,beds,beijing,trainstation,teapot,chn,beijingsouth,majiapu,geo:lat=3986207017,geo:lon=11637097478",3,Glenn,5004541686_e319e990ff.jpg,39.862069,95722316@N00,http://www.flickr.com/photos/glennaa/5004541686/
121.463872,2010-08-14 17:22:14,2010-09-19 07:34:31,china,"china,street,signs,shanghai,sigma1020mm,d90,田子坊,travel:country=china,travel:city=shanghai,camera:lens=sigma1020mm,camera:camera=d90",1,Michael,5004628794_2ab56bbc3c.jpg,31.210371,73439432@N00,http://www.flickr.com/photos/personaldork/5004628794/
116.370974,2010-07-17 07:32:40,2010-09-19 07:00:30,china,"china,people,train,geotagged,beijing,platform,trainstation,chn,beijingsouth,majiapu,geo:lat=3986207017,geo:lon=11637097478",2,Glenn,5004541840_3ce67d32cb.jpg,39.862069,95722316@N00,http://www.flickr.com/photos/glennaa/5004541840/
116.370974,2010-07-17 06:44:38,2010-09-19 07:00:20,china,"china,people,train,geotagged,beijing,aisle,trainstation,chn,beijingsouth,majiapu,geo:lat=3986207017,geo:lon=11637097478",6,Glenn,5004541212_1c9de428e8.jpg,39.862069,95722316@N00,http://www.flickr.com/photos/glennaa/5004541212/
121.463644,2010-08-14 17:25:02,2010-09-19 07:34:31,china,"china,people,cooking,interiors,shanghai,candid,sigma1020mm,d90,田子坊,travel:country=china,travel:city=shanghai,camera:lens=sigma1020mm,camera:camera=d90",0,Michael,5004630866_ab03816998.jpg,31.21002,73439432@N00,http://www.flickr.com/photos/personaldork/5004630866/
113.70822,2010-07-30 12:51:42,2010-09-19 13:22:33,china,"china,geotagged,asia,prc,中国,shanxi,cina,monastero,中國,peoplesrepublicofchina,chn,悬空寺,hangingmonastery,hangingtemple,中华人民共和国,zhōngguó,中華人民共和國,hunyuan,懸空寺,xuánkongsì,tempiosospeso,zhōnghuárénmíngònghéguó,exif:iso_speed=200,exif:focal_length=35mm,repubblicapopolarecinese,camera:make=nikoncorporation,exif:make=nikoncorporation,exif:lens=1802000mmf3556,camera:model=nikond300s,exif:model=nikond300s,geo:countrys=china,exif:aperture=ƒ42,paesecentrale,tangjiazhuang,geo:state=shanxi,geo:city=hunyuan,geo:lat=3965561618,geo:lon=11370821992,geo:lon=11370822,geo:lat=39655616666667",0,Raffaele Nicolussi,5005169817_cd2d266910.jpg,39.655616,87069632@N00,http://www.flickr.com/photos/madgrin/5005169817/
113.707756,2010-07-30 12:48:44,2010-09-19 13:19:40,china,"china,geotagged,asia,prc,中国,shanxi,cina,monastero,中國,peoplesrepublicofchina,chn,悬空寺,hangingmonastery,hangingtemple,中华人民共和国,zhōngguó,中華人民共和國,hunyuan,懸空寺,xuánkongsì,tempiosospeso,zhōnghuárénmíngònghéguó,exif:iso_speed=200,exif:focal_length=48mm,repubblicapopolarecinese,camera:make=nikoncorporation,exif:make=nikoncorporation,exif:lens=1802000mmf3556,camera:model=nikond300s,exif:model=nikond300s,geo:countrys=china,exif:aperture=ƒ45,paesecentrale,tangjiazhuang,geo:state=shanxi,geo:city=hunyuan,geo:lat=3965932800,geo:lon=11370775600,geo:lat=39659328333333,geo:lon=11370775666667",0,Raffaele Nicolussi,5005771734_e2f203aed3.jpg,39.659328,87069632@N00,http://www.flickr.com/photos/madgrin/5005771734/
113.70934,2010-07-30 12:41:50,2010-09-19 13:15:22,china,"china,geotagged,asia,prc,中国,shanxi,cina,monastero,中國,peoplesrepublicofchina,chn,悬空寺,hangingmonastery,hangingtemple,中华人民共和国,zhōngguó,中華人民共和國,hunyuan,懸空寺,xuánkongsì,tempiosospeso,zhōnghuárénmíngònghéguó,exif:iso_speed=200,exif:focal_length=70mm,repubblicapopolarecinese,camera:make=nikoncorporation,exif:make=nikoncorporation,exif:lens=1802000mmf3556,camera:model=nikond300s,exif:model=nikond300s,geo:countrys=china,exif:aperture=ƒ50,paesecentrale,tangjiazhuang,geo:state=shanxi,geo:city=hunyuan,geo:lat=3966018000,geo:lon=11370934000,geo:lon=11370934,geo:lat=3966018",0,Raffaele Nicolussi,5005144731_a6f063bcc3.jpg,39.66018,87069632@N00,http://www.flickr.com/photos/madgrin/5005144731/
116.454683,2010-07-29 18:29:45,2010-09-19 13:09:46,china,"china,asia,beijing,prc,中国,cina,中國,peoplesrepublicofchina,中华人民共和国,zhōngguó,中華人民共和國,zhōnghuárénmíngònghéguó,exif:focal_length=18mm,repubblicapopolarecinese,geo:state=beijing,geo:city=beijing,exif:iso_speed=250,camera:make=nikoncorporation,exif:make=nikoncorporation,exif:lens=1802000mmf3556,camera:model=nikond300s,exif:model=nikond300s,geo:countrys=china,exif:aperture=ƒ35,paesecentrale,geo:lon=11645468333333,geo:lat=3990888",1,Raffaele Nicolussi,5005738026_15ebb98628.jpg,39.90888,87069632@N00,http://www.flickr.com/photos/madgrin/5005738026/
113.708421,2010-07-30 12:45:42,2010-09-19 13:17:36,china,"china,geotagged,asia,prc,中国,shanxi,cina,monastero,中國,peoplesrepublicofchina,chn,悬空寺,hangingmonastery,hangingtemple,中华人民共和国,zhōngguó,中華人民共和國,hunyuan,懸空寺,xuánkongsì,tempiosospeso,camera:make=canon,zhōnghuárénmíngònghéguó,exif:make=canon,repubblicapopolarecinese,camera:model=canonpowershotg9,exif:focal_length=74mm,exif:iso_speed=80,exif:model=canonpowershotg9,exif:lens=74444mm,geo:countrys=china,exif:aperture=ƒ40,paesecentrale,fangshanqu,geo:lat=3966035800,geo:lon=11370842100,geo:lat=39660358333333,geo:lon=11370842166667,geo:state=shanxi,geo:city=hunyuan",0,Raffaele Nicolussi,5005765246_3c513ab32b.jpg,39.660358,87069632@N00,http://www.flickr.com/photos/madgrin/5005765246/
113.709391,2010-07-30 12:38:55,2010-09-19 13:12:18,china,"china,geotagged,asia,prc,中国,shanxi,cina,monastero,中國,peoplesrepublicofchina,chn,悬空寺,hangingmonastery,hangingtemple,中华人民共和国,zhōngguó,中華人民共和國,hunyuan,懸空寺,xuánkongsì,tempiosospeso,camera:make=canon,zhōnghuárénmíngònghéguó,exif:make=canon,repubblicapopolarecinese,camera:model=canonpowershotg9,exif:focal_length=74mm,exif:iso_speed=80,exif:model=canonpowershotg9,exif:lens=74444mm,geo:countrys=china,exif:aperture=ƒ40,paesecentrale,tangjiazhuang,geo:lat=3966017300,geo:lon=11370939100,geo:lon=11370939166667,geo:state=shanxi,geo:lat=39660173333333,geo:city=hunyuan",0,Raffaele Nicolussi,5005133757_5afaa93b95.jpg,39.660173,87069632@N00,http://www.flickr.com/photos/madgrin/5005133757/
152.202272,2010-09-12 11:45:57,2010-09-19 14:36:26,australia,"lighthouse,canon,australia,nsw,nelsonbay,portstephens,400mm,fingalbay,5dmarkii",0,Harley Kingston,5005978918_c20ee66415.jpg,-32.747579,35169553@N06,http://www.flickr.com/photos/harlz_/5005978918/
151.208952,2010-09-17 08:46:28,2010-09-19 03:47:51,australia,"city,catholic,cathedral,sydney,aerial,nsw,skytower,stmarys",1,Craig Cullum,5004125016_113786f4e9.jpg,-33.870373,10547738@N00,http://www.flickr.com/photos/craigcullum/5004125016/
151.329503,2010-09-05 16:47:24,2010-09-19 05:55:02,australia,"light,house,palmbeachbeachwatersydneyaustralia",3,Thomas,5004293992_bafef871a9.jpg,-33.580039,8037416@N06,http://www.flickr.com/photos/teejaay/5004293992/
151.329545,2010-09-05 16:54:21,2010-09-19 05:43:02,australia,"beach,water,sydney,australia,palmbeach",3,Thomas,5004324380_ce83a9c6c7.jpg,-33.580222,8037416@N06,http://www.flickr.com/photos/teejaay/5004324380/
141.459977,2010-09-19 22:46:59,2010-09-19 10:16:20,australia,"nikon,flash,australia,nsw,aussie,brokenhill,cls,sb800,d90,nikon18200mmvr,strobist,su800,gimbert,gimbertt,timgimbert",42,Tim Gimbert,5004319650_26684720b2.jpg,-31.9572,8750156@N03,http://www.flickr.com/photos/gimbertt/5004319650/
151.212891,2010-06-19 23:01:37,2010-09-19 03:11:52,australia,"street,red,black,sign,yellow,print,50mm,sticker,web,text,bracket,sydney,nut,welldressedvandals",2,Michael,5004052896_b4f43c9618.jpg,-33.863141,43207518@N06,http://www.flickr.com/photos/mrdarkroom/5004052896/
151.102008,2010-09-19 13:54:31,2010-09-19 06:55:53,australia,"street,people,man,reflection,sunglasses,festival,candid,helmet,sydney,longhair,icecream,burwood,d40",0,"",5004517748_cb5ae3f655.jpg,-33.872375,40248773@N03,http://www.flickr.com/photos/40248773@N03/5004517748/
115.970783,2010-09-19 15:03:10,2010-09-19 07:12:57,australia,"sky,church,colours,blu,fine,australia,chiesa,colori,guilford,messa",9,Luca Bolatti Guzzo,5004559632_462f5a329b.jpg,-31.898036,20118538@N00,http://www.flickr.com/photos/20118538@N00/5004559632/
150.33245,2010-08-03 04:06:24,2010-09-19 10:56:01,australia,"landscape,waterfall,australia,hrd,luerafalls",8,Tom Huskinson,5004198327_fde72c8cf1.jpg,-33.711417,93314694@N00,http://www.flickr.com/photos/tomhuskinson/5004198327/
151.21328,2010-09-17 07:43:59,2010-09-19 03:43:11,australia,"city,church,architechture,catholic,cathedral,sydney,statues,nsw,stmarys",1,Craig Cullum,5004116116_4a6a791cc3.jpg,-33.871767,10547738@N00,http://www.flickr.com/photos/craigcullum/5004116116/
151.2325,2010-06-29 11:14:26,2010-09-19 05:33:42,australia,"family,people,selfportrait,sydney,australia,andrew,nsw,iphoto,locations,365days,365more,connected2010",0,Andrew Scott,5003713547_96078aa1e8.jpg,-33.918,63095697@N00,http://www.flickr.com/photos/andrewscott/5003713547/
140.185117,2009-06-24 10:01:56,2010-09-19 06:01:03,australia,"wild,male,bird,south,australia,mallee,gluepot,chestnutquailthrush,cinclosomacastanotus",21,Richard Hart,5004291042_7a43f8e9fa.jpg,-33.758384,27043746@N03,http://www.flickr.com/photos/richardhartphotography/5004291042/
145.461307,2009-06-30 23:37:39,2010-09-19 11:53:04,australia,"sunset,sky,reflection,water,clouds,port,boat,twilight,australia,queensland,portdouglas",23,"",5003938525_effcd164f1.jpg,-16.478775,11617533@N07,http://www.flickr.com/photos/11617533@N07/5003938525/
151.208952,2010-09-17 08:42:02,2010-09-19 03:47:07,australia,"city,ship,harbour,sydney,aerial,submarine,nsw,skytower,battleship",0,Craig Cullum,5004123630_486d06081e.jpg,-33.870373,10547738@N00,http://www.flickr.com/photos/craigcullum/5004123630/
151.207166,2010-07-01 14:02:43,2010-09-19 05:36:14,australia,"family,people,selfportrait,sydney,australia,andrew,nsw,iphoto,locations,365days,365more,connected2010",0,Andrew Scott,5003725991_5780df0e74.jpg,-33.868833,63095697@N00,http://www.flickr.com/photos/andrewscott/5003725991/
151.83894,2010-09-19 14:02:20,2010-09-19 05:59:48,australia,"plane,newcastle,fly,nikon,fighter,force,military,air,jet,australia,super,hornet,launch,airforce,nikkor,f18,panning,takeoff,runway,raaf,defence,williamtown,superhornet,70200mmf28g",2,Howard Poon,5004377560_64ddf809c4.jpg,-32.798602,22320124@N05,http://www.flickr.com/photos/22320124@N05/5004377560/
151.2325,2010-06-30 11:04:06,2010-09-19 05:34:38,australia,"family,people,selfportrait,tim,susan,sydney,australia,andrew,shannon,nsw,iphoto,lindy,locations,365days,365more,connected2010",0,Andrew Scott,5004322462_9df9c0743f.jpg,-33.918,63095697@N00,http://www.flickr.com/photos/andrewscott/5004322462/
151.104428,2010-09-17 10:38:47,2010-09-19 03:11:06,australia,"orange,white,black,lines,bars,ramp,favorites,potential,waitara,nikond5000",3,Timothy Allen,5003439923_d81f7860e8.jpg,-33.707919,48011145@N00,http://www.flickr.com/photos/thristian/5003439923/
151.212033,2010-06-19 21:10:15,2010-09-19 03:06:13,australia,"longexposure,blue,red,people,orange,cars,june,festival,stone,night,moving,shadows,purple,traffic,walk,sydney,vivid,pedestrian,festivaloflights,2010",3,Michael,5004042900_b92a648aa0.jpg,-33.869346,43207518@N06,http://www.flickr.com/photos/mrdarkroom/5004042900/
151.83909,2010-09-19 13:40:44,2010-09-19 05:52:42,australia,"plane,fire,nikon,fighter,force,military,air,jet,dump,australia,off,burn,nsw,take,newsouthwales,nikkor,raaf,defence,fuel,ignite,williamtown,f111,70200mmf28g",9,Howard Poon,5003707765_8bbeecb2fc.jpg,-32.798782,22320124@N05,http://www.flickr.com/photos/22320124@N05/5003707765/
